OrderID,OrderDate,Region,Category,Product,Quantity,UnitPrice,Revenue,PaymentMode,CustomerAge,Rating
ORD1000,2025-02-22,north,Electronics,USB-C Cable,4.0,1232.57,4930.28,Net Banking,20.0,1.0
ORD1001,2025-01-04,West,Clothing,Hoodie,5.0,4075.74,20378.7,Credit Card,35.0,
ORD1002,2025-10-02,East,Books,Self-Help Book,1.0,3689.2,3689.2,UPI,,4.0
ORD1003,2025-11-22,North,Clothing,Cotton T-Shirt,7.0,1498.17,10487.19,Debit Card,,2.0
ORD1004,2025-11-24,South,Clothing,Hoodie,7.0,1459.25,10214.75,Net Banking,21.0,2.0
ORD1005,2025-11-26,East,Clothing,Hoodie,7.0,4440.71,31084.97,Cash on Delivery,,2.0
ORD1006,2025-02-26,South,Books,Comic Book,2.0,3815.54,7631.08,Credit Card,,
ORD1007,2025-06-24,North,Electronics,Power Bank,5.0,3877.7,19388.5,UPI,47.0,3.0
ORD1008,2025-03-24,North,Home & Kitchen,Water Bottle,4.0,891.27,3565.08,Net Banking,,5.0
ORD1009,2025-09-06,South,Electronics,Bluetooth Speaker,2.0,565.42,1130.84,UPI,,5.0
ORD1010,,south,Home & Kitchen,Storage Box,6.0,2274.79,13648.74,Cash on Delivery,,1.0
ORD1011,2025-02-06,North,Clothing,Cotton T-Shirt,1.0,4319.23,4319.23,Net Banking,49.0,2.0
ORD1012,2025-08-09,West,Sports,Cricket Bat,2.0,620.11,1240.22,Debit Card,64.0,4.0
ORD1013,2025-03-13,North,Clothing,Denim Jeans,4.0,2750.99,11003.96,Cash on Delivery,33.0,2.0
ORD1014,2025-09-04,north,Electronics,Bluetooth Speaker,3.0,2121.11,6363.33,Credit Card,,4.0
ORD1015,2025-01-30,west,Clothing,Denim Jeans,5.0,1205.85,6029.25,Net Banking,,
ORD1016,2025-05-01,North, Clothing ,Cotton T-Shirt,2.0,3424.78,6849.56,Cash on Delivery,54.0,1.0
ORD1017,2025-07-22,East,Home & Kitchen,Blender,6.0,1307.63,7845.78,CREDIT CARD,,
ORD1018,2025-03-09,North,Electronics,Power Bank,4.0,2603.54,10414.16,Debit Card,,1.0
ORD1019,2025-03-10,North,Books,Self-Help Book,2.0,4703.81,9407.62,Debit Card,65.0,1.0
ORD1020,2025-01-27,east,Books,Comic Book,5.0,4540.88,22704.4,UPI,35.0,
ORD1021,2025-12-20,West,Books,Novel,2.0,514.93,1029.86,Credit Card,,5.0
ORD1022,2025-07-01,North,Home & Kitchen,Blender,4.0,3384.63,13538.52,Net Banking,65.0,4.0
ORD1023,2025-07-30,West, Electronics ,Bluetooth Speaker,6.0,3944.57,23667.42,Credit Card,62.0,3.0
ORD1024,2025-04-09,East,Home & Kitchen,Blender,4.0,264.77,1059.08,Cash on Delivery,,3.0
ORD1025,2025-05-16,North,Electronics,USB-C Cable,3.0,2965.86,8897.58,UPI,,1.0
ORD1026,2025-02-05,North,Sports,Yoga Mat,4.0,1916.47,7665.88,Debit Card,,5.0
ORD1027,2025-06-04,South,Sports,Dumbbells,3.0,3135.25,9405.75,Cash on Delivery,,5.0
ORD1028,2025-05-26,South,Books,Comic Book,3.0,3345.43,10036.29,Net Banking,39.0,
ORD1029,2025-02-07,North,Electronics,Bluetooth Speaker,8.0,3114.68,24917.44,Cash on Delivery,54.0,4.0
ORD1030,2025-12-23,North,Sports,Cricket Bat,3.0,4049.93,12149.79,Net Banking,33.0,4.0
ORD1031,2025-10-08,West,Books,Biography,7.0,4178.26,29247.82,Cash on Delivery,,2.0
ORD1032,2025-05-01,South,Home & Kitchen,Storage Box,2.0,3610.69,7221.38,Debit Card,52.0,3.0
ORD1033,,West,Home & Kitchen,Water Bottle,8.0,2166.51,17332.08,Cash on Delivery,55.0,4.0
ORD1034,2025-05-20,West,Sports,Skipping Rope,4.0,2517.91,10071.64,Cash on Delivery,,4.0
ORD1035,2025-10-31,South,Books,Biography,1.0,4548.6,4548.6,Net Banking,,
ORD1036,2025-07-14,south,Sports,Football,6.0,3841.96,23051.76,Debit Card,,4.0
ORD1037,2025-11-15,North,Electronics,Bluetooth Speaker,4.0,4220.26,16881.04,Credit Card,60.0,2.0
ORD1038,2025-06-09,North,Clothing,Running Shoes,2.0,2956.62,5913.24,Net Banking,,
ORD1039,2025-08-08,East,Books,Novel,1.0,1833.94,1833.94,Debit Card,39.0,1.0
ORD1040,2025-11-30,West,Clothing,Hoodie,3.0,3708.91,11126.73,Debit Card,,5.0
ORD1041,2025-10-19,North,Home & Kitchen,Storage Box,4.0,3789.81,15159.24,Net Banking,,
ORD1042,2025-07-28,East,Books,Novel,4.0,565.22,2260.88,Cash on Delivery,,5.0
ORD1043,2025-09-29,South,Home & Kitchen,Water Bottle,6.0,2445.31,14671.86,Debit Card,,4.0
ORD1044,2025-09-05,East,Electronics,Power Bank,3.0,1078.97,3236.91,Debit Card,,
ORD1045,2025-12-24,South,Home & Kitchen,Non-stick Pan,1.0,2833.79,2833.79,Credit Card,49.0,
ORD1046,2025-07-25,North,Home & Kitchen,Storage Box,2.0,4137.26,8274.52,Cash on Delivery,61.0,1.0
ORD1047,2025-07-14,West,Books,Biography,4.0,3912.11,15648.44,Cash on Delivery,,4.0
ORD1048,2025-03-30,South,Clothing,Running Shoes,2.0,911.73,1823.46,NET BANKING,,1.0
ORD1049,2025-11-17,West,Electronics,Bluetooth Speaker,5.0,3970.97,19854.85,Net Banking,,
ORD1050,2025-08-28,North,Clothing,Running Shoes,5.0,2279.89,11399.45,Debit Card,,
ORD1051,2025-12-11,North,Electronics,Bluetooth Speaker,1.0,4997.93,4997.93,Debit Card,,5.0
ORD1052,2025-06-20,West,Sports,Yoga Mat,8.0,1837.61,14700.88,Debit Card,,
ORD1053,2025-03-01,North,Sports,Yoga Mat,6.0,1374.13,8244.78,Cash on Delivery,,5.0
ORD1054,2025-08-13,North,Clothing,Running Shoes,,4649.21,13947.63,Cash on Delivery,,1.0
ORD1055,2025-03-02,West,Electronics,Bluetooth Speaker,2.0,2388.02,4776.04,Credit Card,,4.0
ORD1056,2025-05-22,South,Books,Biography,3.0,4340.53,13021.59,Cash on Delivery,,3.0
ORD1057,2025-10-10,West,Clothing,Hoodie,8.0,1823.85,14590.8,Net Banking,38.0,4.0
ORD1058,2025-11-30,East,Sports,Dumbbells,7.0,4943.81,34606.67,Credit Card,,4.0
ORD1059,2025-05-16,South,Sports,Cricket Bat,2.0,2427.03,4854.06,Debit Card,59.0,5.0
ORD1060,2025-12-17,West,Books,Novel,2.0,1288.64,2577.28,Debit Card,45.0,2.0
ORD1061,2025-07-11,North,Electronics,USB-C Cable,1.0,1572.83,1572.83,Cash on Delivery,44.0,2.0
ORD1062,2025-12-08,south,Clothing,Hoodie,5.0,2378.92,11894.6,UPI,61.0,4.0
ORD1063,2025-09-05,East,Sports,Football,4.0,4996.96,19987.84,UPI,,2.0
ORD1064,2025-04-28,North,Books,Comic Book,5.0,3912.34,19561.7,Net Banking,,3.0
ORD1065,2025-03-09,North,Home & Kitchen,Storage Box,1.0,2960.93,2960.93,UPI,44.0,3.0
ORD1066,2025-06-01,East,Clothing,Running Shoes,8.0,4841.81,38734.48,Debit Card,22.0,1.0
ORD1067,2025-03-05,East,Electronics,Laptop Stand,1.0,1432.62,1432.62,Cash on Delivery,,3.0
ORD1068,2025-04-24,North,Books,Biography,6.0,4588.99,27533.94,UPI,,
ORD1069,2025-07-09,North,Electronics,Bluetooth Speaker,3.0,2034.93,6104.79,Net Banking,64.0,4.0
ORD1070,2025-05-01,east,Electronics,USB-C Cable,4.0,2300.41,9201.64,Debit Card,,1.0
ORD1071,2025-06-20,North,Clothing,Formal Shirt,1.0,395.31,395.31,Credit Card,31.0,2.0
ORD1072,2025-03-16,South, Books ,Novel,5.0,4313.27,21566.35,CREDIT CARD,29.0,5.0
ORD1073,2025-08-04,East,Electronics,Bluetooth Speaker,5.0,404.14,2020.7,Net Banking,,1.0
ORD1074,2025-01-16,North,Books,Self-Help Book,8.0,3270.2,26161.6,UPI,45.0,4.0
ORD1075,2025-11-02,north,Clothing,Running Shoes,6.0,1997.39,11984.34,Net Banking,,3.0
ORD1076,2025-08-21,South,Sports,Dumbbells,4.0,2157.0,8628.0,Cash on Delivery,,4.0
ORD1077,2025-07-10,North,Electronics,Wireless Mouse,7.0,618.34,4328.38,Credit Card,,5.0
ORD1078,2025-10-23,North,Home & Kitchen,Water Bottle,5.0,1855.48,9277.4,Net Banking,48.0,2.0
ORD1079,2025-12-03,South,Sports,Skipping Rope,1.0,3103.63,3103.63,Debit Card,,1.0
ORD1080,2025-04-21,North,Clothing,Cotton T-Shirt,2.0,3768.64,7537.28,Cash on Delivery,,4.0
ORD1081,2025-05-20,South,Clothing,Formal Shirt,1.0,3418.75,3418.75,Cash on Delivery,,
ORD1082,2025-11-03,West,Books,Self-Help Book,1.0,1219.51,1219.51,UPI,31.0,1.0
ORD1083,2025-12-09,South,Sports,Skipping Rope,4.0,2576.27,10305.08,Debit Card,65.0,1.0
ORD1084,2025-06-16,west,Sports,Football,2.0,2114.41,4228.82,Credit Card,,5.0
ORD1085,2025-03-28,West,Home & Kitchen,Table Lamp,4.0,1765.38,7061.52,UPI,51.0,5.0
ORD1086,2025-11-05,South,Electronics,Bluetooth Speaker,5.0,1106.77,5533.85,Credit Card,,
ORD1087,2025-08-15,East,Home & Kitchen,Blender,8.0,481.19,3849.52,Debit Card,40.0,3.0
ORD1088,2025-10-11,North,Books,Biography,7.0,2394.15,16759.05,UPI,54.0,4.0
ORD1089,2025-12-29,East,Electronics,Power Bank,3.0,339.84,1019.52,Cash on Delivery,57.0,4.0
ORD1090,2025-12-14,North,Home & Kitchen,Non-stick Pan,6.0,608.35,3650.1,Cash on Delivery,60.0,3.0
ORD1091,2025-07-12,West,Clothing,Formal Shirt,2.0,1651.47,3302.94,Debit Card,65.0,2.0
ORD1092,2025-03-12,South,Home & Kitchen,Storage Box,4.0,1248.73,4994.92,Credit Card,24.0,1.0
ORD1093,2025-07-06,South,Books,Cookbook,8.0,361.91,2895.28,Credit Card,,4.0
ORD1094,2025-05-25,South,Home & Kitchen,Water Bottle,8.0,2389.15,19113.2,Cash on Delivery,28.0,5.0
ORD1095,2025-03-24,north,Books,Novel,5.0,556.79,2783.95,Debit Card,,4.0
ORD1096,2025-02-11,West,Electronics,Laptop Stand,6.0,1293.52,7761.12,Debit Card,,2.0
ORD1097,2025-01-03,East,Sports,Cricket Bat,8.0,2325.72,18605.76,UPI,,1.0
ORD1098,2025-01-09,West,Electronics,Wireless Mouse,8.0,3044.18,24353.44,Net Banking,,5.0
ORD1099,2025-10-06,north,Books,Self-Help Book,2.0,4774.01,9548.02,Net Banking,,5.0
ORD1100,2025-06-20,North,Home & Kitchen,Blender,2.0,3891.78,7783.56,Credit Card,39.0,1.0
ORD1101,2025-01-23,South,Electronics,Laptop Stand,1.0,1573.2,1573.2,Credit Card,,1.0
ORD1102,2025-07-08,East,Electronics,USB-C Cable,5.0,753.7,3768.5,Cash on Delivery,,4.0
ORD1103,2025-04-03,North,Sports,Yoga Mat,7.0,3071.9,21503.3,Net Banking,,3.0
ORD1104,2025-08-11,East,Sports,Yoga Mat,6.0,3132.03,18792.18,Debit Card,21.0,
ORD1105,2025-02-04,North,Clothing,Formal Shirt,8.0,318.77,2550.16,Credit Card,42.0,
ORD1106,2025-05-23,South,Books,Self-Help Book,7.0,1674.77,11723.39,Credit Card,,1.0
ORD1107,2025-09-09,West,Clothing,Formal Shirt,5.0,3515.81,17579.05,Credit Card,,1.0
ORD1108,2025-03-22,East,Home & Kitchen,Non-stick Pan,5.0,4472.96,22364.8,Credit Card,25.0,3.0
ORD1109,2025-07-23,West,Books,Cookbook,2.0,468.88,937.76,Cash on Delivery,44.0,5.0
ORD1110,2025-03-08,South,Books,Biography,3.0,3873.74,11621.22,Cash on Delivery,21.0,5.0
ORD1111,2025-10-10,East,Electronics,USB-C Cable,4.0,3230.03,12920.12,Debit Card,57.0,2.0
ORD1112,2025-11-25,East, Books ,Novel,1.0,543.93,543.93,Net Banking,,3.0
ORD1113,2025-02-07,East,Sports,Cricket Bat,7.0,1592.55,11147.85,UPI,,2.0
ORD1114,2025-02-24,East,Sports,Cricket Bat,6.0,2647.65,15885.9,Debit Card,,2.0
ORD1115,2025-03-23,south,Clothing,Running Shoes,6.0,1070.7,6424.2,Cash on Delivery,,5.0
ORD1116,2025-12-01,East,Electronics,Wireless Mouse,5.0,2550.24,12751.2,Cash on Delivery,,3.0
ORD1117,2025-05-28,North,Books,Biography,4.0,1908.24,7632.96,UPI,,4.0
ORD1118,2025-04-12,east,Home & Kitchen,Water Bottle,6.0,3811.58,22869.48,Net Banking,20.0,5.0
ORD1119,2025-11-12,South,Home & Kitchen,Water Bottle,6.0,938.13,5628.78,Debit Card,,5.0
ORD1120,2025-05-16,West,Books,Self-Help Book,1.0,3045.01,3045.01,Net Banking,,5.0
ORD1121,2025-08-14,South,Electronics,Power Bank,2.0,1075.3,2150.6,Debit Card,62.0,4.0
ORD1122,2025-12-06,North,Clothing,Formal Shirt,4.0,2870.3,11481.2,Cash on Delivery,,5.0
ORD1123,2025-05-23,East,Books,Comic Book,4.0,4793.09,19172.36,Net Banking,,3.0
ORD1124,2025-07-22,East,Home & Kitchen,Non-stick Pan,7.0,4494.44,31461.08,Debit Card,36.0,2.0
ORD1125,2025-10-28,East,Books,Self-Help Book,3.0,679.75,2039.25,Credit Card,51.0,2.0
ORD1126,2025-09-01,South,Electronics,Power Bank,3.0,2123.5,6370.5,Cash on Delivery,,
ORD1127,2025-01-19,North, Clothing ,Hoodie,3.0,4679.52,14038.56,Cash on Delivery,,4.0
ORD1128,2025-03-10,East,Sports,Skipping Rope,8.0,4462.91,35703.28,Net Banking,,4.0
ORD1129,2025-11-24,East,Books,Cookbook,3.0,3113.13,9339.39,Cash on Delivery,,4.0
ORD1130,2025-06-18,East,Sports,Cricket Bat,8.0,3805.72,30445.76,Debit Card,,5.0
ORD1131,2025-06-01,West,Books,Self-Help Book,2.0,3247.75,6495.5,Debit Card,,5.0
ORD1132,2025-11-02,west,Books,Cookbook,4.0,3449.66,13798.64,UPI,,5.0
ORD1133,2025-04-16,South,Clothing,Running Shoes,8.0,713.76,5710.08,Net Banking,,4.0
ORD1134,2025-01-02,West,Home & Kitchen,Non-stick Pan,7.0,1384.12,9688.84,Credit Card,,5.0
ORD1135,2025-03-11,West,Electronics,USB-C Cable,7.0,1022.91,7160.37,Cash on Delivery,,3.0
ORD1136,2025-07-21,South,Home & Kitchen,Non-stick Pan,3.0,4965.31,14895.93,Net Banking,32.0,2.0
ORD1137,2025-05-22,West,Clothing,Denim Jeans,8.0,1828.87,14630.96,Credit Card,,
ORD1138,2025-01-23,North,Sports,Skipping Rope,1.0,1336.96,1336.96,Cash on Delivery,31.0,4.0
ORD1139,2025-09-24,East,Clothing,Running Shoes,3.0,4930.62,14791.86,Credit Card,21.0,4.0
ORD1140,2025-06-03,West,Books,Self-Help Book,7.0,2130.06,14910.42,Cash on Delivery,48.0,2.0
ORD1141,2025-05-11,west,Sports,Skipping Rope,3.0,2033.83,6101.49,Credit Card,,3.0
ORD1142,2025-06-20,North,Electronics,Bluetooth Speaker,4.0,2475.06,9900.24,Debit Card,30.0,1.0
ORD1143,2025-07-14,West,Clothing,Formal Shirt,6.0,3911.24,23467.44,Cash on Delivery,,5.0
ORD1144,2025-10-16,East,Clothing,Running Shoes,6.0,2157.56,12945.36,Credit Card,,
ORD1145,2025-06-30,East,Home & Kitchen,Storage Box,8.0,2385.02,19080.16,Credit Card,49.0,2.0
ORD1146,2025-11-19,North,Electronics,Wireless Mouse,7.0,816.83,5717.81,Credit Card,18.0,1.0
ORD1147,2025-07-30,west,Sports,Yoga Mat,1.0,2731.23,2731.23,UPI,,1.0
ORD1148,2025-11-14,north,Electronics,Power Bank,3.0,1318.7,3956.1,Net Banking,,3.0
ORD1149,2025-07-13,east,Electronics,Wireless Mouse,2.0,2115.6,4231.2,Net Banking,18.0,4.0
ORD1150,2025-12-21,North,Books,Novel,4.0,1175.37,4701.48,NET BANKING,,4.0
ORD1151,2025-06-03,South,Books,Cookbook,7.0,4655.04,32585.28,Credit Card,,5.0
ORD1152,2025-02-08,East,Electronics,Wireless Mouse,7.0,1275.9,8931.3,Debit Card,,5.0
ORD1153,2025-12-15,South,Home & Kitchen,Water Bottle,7.0,2244.46,15711.22,Net Banking,,
ORD1154,2025-01-03,South,Sports,Football,6.0,666.77,4000.62,Debit Card,35.0,4.0
ORD1155,2025-06-16,North,Electronics,USB-C Cable,2.0,3045.08,6090.16,Cash on Delivery,42.0,1.0
ORD1156,2025-09-10,West,Clothing,Denim Jeans,5.0,1610.49,8052.45,Credit Card,,1.0
ORD1157,2025-03-11,West,Books,Biography,4.0,2370.63,9482.52,Debit Card,,1.0
ORD1158,2025-04-01,South,Home & Kitchen,Table Lamp,4.0,2473.2,9892.8,Cash on Delivery,,3.0
ORD1159,2025-10-07,East,Electronics,Power Bank,4.0,3022.3,12089.2,Credit Card,,
ORD1160,2025-12-04,West,Sports,Cricket Bat,5.0,1323.8,6619.0,Credit Card,42.0,
ORD1161,2025-10-02,West,Books,Novel,6.0,3552.93,21317.58,Net Banking,24.0,
ORD1162,2025-05-13,West,Home & Kitchen,Storage Box,2.0,201.16,402.32,Credit Card,53.0,5.0
ORD1163,2025-02-13,East,Electronics,Laptop Stand,2.0,1582.85,3165.7,UPI,,
ORD1164,2025-12-30,West,Home & Kitchen,Non-stick Pan,5.0,366.71,1833.55,UPI,59.0,1.0
ORD1165,2025-04-29,South,Home & Kitchen,Water Bottle,7.0,4798.54,33589.78,Cash on Delivery,,
ORD1166,2025-02-02,North,Clothing,Denim Jeans,5.0,3798.78,18993.9,Net Banking,52.0,1.0
ORD1167,2025-06-28,East,Books,Comic Book,7.0,2996.97,20978.79,Debit Card,,4.0
ORD1168,2025-08-03,North,Clothing,Running Shoes,3.0,2627.5,7882.5,Net Banking,45.0,2.0
ORD1169,2025-08-19,South,Sports,Football,3.0,1057.43,3172.29,Net Banking,,1.0
ORD1170,2025-10-17,West,Sports,Dumbbells,8.0,961.18,7689.44,UPI,35.0,2.0
ORD1171,2025-07-07,North,Books,Novel,5.0,3909.3,19546.5,Net Banking,46.0,1.0
ORD1172,2025-02-14,North,Sports,Football,6.0,4331.67,25990.02,Cash on Delivery,33.0,1.0
ORD1173,2025-01-31,South,Books,Cookbook,4.0,4095.62,16382.48,Net Banking,56.0,3.0
ORD1174,2025-12-02,North,Clothing,Hoodie,1.0,4963.56,4963.56,Credit Card,33.0,
ORD1175,2025-02-17,East,Sports,Dumbbells,8.0,516.25,4130.0,Cash on Delivery,,5.0
ORD1176,2025-07-23,North,Sports,Football,2.0,4009.04,8018.08,Credit Card,,4.0
ORD1177,2025-08-24,East,Electronics,Wireless Mouse,2.0,3186.97,6373.94,UPI,,1.0
ORD1178,2025-05-09,east,Clothing,Running Shoes,2.0,3324.75,6649.5,UPI,59.0,3.0
ORD1179,2025-03-09,north,Electronics,Wireless Mouse,4.0,2462.51,9850.04,Net Banking,46.0,2.0
ORD1180,2025-02-22,West,Electronics,Bluetooth Speaker,7.0,583.26,4082.82,UPI,37.0,3.0
ORD1181,2025-03-26,North,Books,Biography,1.0,3110.05,3110.05,Cash on Delivery,58.0,3.0
ORD1182,2025-08-08,South,Electronics,Power Bank,7.0,1854.95,12984.65,Debit Card,59.0,2.0
ORD1183,2025-06-01,North,Home & Kitchen,Blender,4.0,3777.04,15108.16,UPI,25.0,2.0
ORD1184,2025-12-16,East, Clothing ,Hoodie,7.0,1922.25,13455.75,Credit Card,22.0,4.0
ORD1185,2025-07-25,West,Books,Self-Help Book,7.0,2204.34,15430.38,UPI,57.0,
ORD1186,2025-08-12,East,Sports,Skipping Rope,2.0,1654.32,3308.64,Credit Card,45.0,1.0
ORD1187,2025-06-27,North,Electronics,Bluetooth Speaker,1.0,944.59,944.59,Net Banking,,5.0
ORD1188,2025-05-15,north,Home & Kitchen,Storage Box,5.0,2690.69,13453.45,Net Banking,,
ORD1189,2025-01-07,North,Clothing,Formal Shirt,1.0,363.58,363.58,CREDIT CARD,42.0,1.0
ORD1190,2025-06-13,West,Clothing,Running Shoes,4.0,2168.84,8675.36,Debit Card,25.0,1.0
ORD1191,2025-08-22,West,Home & Kitchen,Table Lamp,6.0,568.97,3413.82,UPI,,3.0
ORD1192,2025-07-29,South, Books ,Cookbook,3.0,180.93,542.79,UPI,58.0,2.0
ORD1193,2025-01-31,North,Clothing,Formal Shirt,4.0,2186.11,8744.44,Credit Card,20.0,
ORD1194,2025-07-21,North,Books,Novel,3.0,3240.5,9721.5,UPI,45.0,5.0
ORD1195,2025-04-14,East,Home & Kitchen,Storage Box,5.0,1283.01,6415.05,Credit Card,24.0,5.0
ORD1196,2025-02-16,West,Home & Kitchen,Storage Box,5.0,4284.54,21422.7,Credit Card,63.0,
ORD1197,2025-03-31,west,Books,Novel,5.0,1411.81,7059.05,UPI,53.0,4.0
ORD1198,2025-11-19,South,Clothing,Denim Jeans,7.0,1955.36,13687.52,UPI,22.0,5.0
ORD1199,2025-10-21,East,Electronics,Wireless Mouse,8.0,395.59,3164.72,Cash on Delivery,,
ORD1200,2025-09-13,South,Electronics,Power Bank,4.0,3289.3,13157.2,Cash on Delivery,,5.0
ORD1201,2025-09-06,North,Sports,Football,8.0,2790.91,22327.28,Debit Card,,5.0
ORD1202,2025-04-30,North,Sports,Skipping Rope,6.0,3869.18,23215.08,Credit Card,,1.0
ORD1203,2025-06-12,West,Home & Kitchen,Blender,3.0,1297.27,3891.81,Debit Card,,5.0
ORD1204,2025-02-16,west,Books,Self-Help Book,3.0,2528.62,7585.86,UPI,,2.0
ORD1205,2025-03-14,East,Electronics,Wireless Mouse,3.0,2995.05,8985.15,UPI,,5.0
ORD1206,2025-10-15,South,Sports,Dumbbells,,994.88,5969.28,Net Banking,55.0,3.0
ORD1207,2025-11-10,West,Books,Novel,3.0,3071.59,9214.77,Credit Card,49.0,
ORD1208,2025-05-08,north,Home & Kitchen,Storage Box,1.0,1436.28,1436.28,UPI,24.0,3.0
ORD1209,,West,Home & Kitchen,Water Bottle,7.0,641.93,4493.51,NET BANKING,32.0,
ORD1210,2025-03-24,North,Electronics,USB-C Cable,3.0,4456.47,13369.41,UPI,,5.0
ORD1211,2025-06-19,South,Books,Comic Book,3.0,409.75,1229.25,Credit Card,,2.0
ORD1212,2025-02-14,west,Clothing,Cotton T-Shirt,6.0,168.51,1011.06,Debit Card,48.0,
ORD1213,2025-12-05,North,Home & Kitchen,Storage Box,8.0,2522.12,20176.96,Debit Card,42.0,1.0
ORD1214,2025-12-23,East,Clothing,Running Shoes,1.0,882.98,882.98,UPI,,1.0
ORD1215,2025-02-10,West,Books,Comic Book,4.0,2459.87,9839.48,Cash on Delivery,,
ORD1216,2025-03-06,West,Clothing,Denim Jeans,4.0,4071.03,16284.12,UPI,,4.0
ORD1217,2025-05-22,North,Electronics,Laptop Stand,7.0,2827.46,19792.22,Net Banking,,4.0
ORD1218,2025-10-02,North,Electronics,Power Bank,2.0,3960.87,7921.74,Debit Card,,4.0
ORD1219,2025-01-26,West,Electronics,Laptop Stand,6.0,3498.99,20993.94,Cash on Delivery,,3.0
ORD1220,2025-08-15,North,Clothing,Denim Jeans,5.0,4874.96,24374.8,Debit Card,56.0,3.0
ORD1221,2025-12-30,East,Electronics,Power Bank,3.0,468.24,1404.72,Net Banking,51.0,4.0
ORD1222,2025-08-26,North,Home & Kitchen,Blender,5.0,1936.51,9682.55,Net Banking,25.0,4.0
ORD1223,2025-12-19,east,Home & Kitchen,Blender,5.0,3782.46,18912.3,UPI,,3.0
ORD1224,2025-12-16,South, Clothing ,Running Shoes,7.0,2639.41,18475.87,UPI,59.0,4.0
ORD1225,2025-04-22,East, Sports ,Dumbbells,6.0,2376.14,14256.84,Cash on Delivery,,3.0
ORD1226,2025-05-22,East,Home & Kitchen,Non-stick Pan,8.0,459.61,3676.88,Debit Card,,3.0
ORD1227,2025-06-01,West,Home & Kitchen,Blender,1.0,3328.69,3328.69,Debit Card,65.0,4.0
ORD1228,2025-12-03,West,Home & Kitchen,Water Bottle,5.0,4250.28,21251.4,Net Banking,48.0,2.0
ORD1229,2025-06-07,East,Electronics,Bluetooth Speaker,6.0,1233.14,7398.84,Cash on Delivery,,3.0
ORD1230,2025-07-15,North,Sports,Cricket Bat,2.0,4357.36,8714.72,Net Banking,27.0,3.0
ORD1231,2025-11-20,South,Home & Kitchen,Blender,2.0,2514.77,5029.54,Credit Card,,3.0
ORD1232,2025-07-26,North,Clothing,Formal Shirt,7.0,3222.41,22556.87,Cash on Delivery,20.0,4.0
ORD1233,2025-06-26,North,Electronics,Bluetooth Speaker,4.0,3513.6,14054.4,Debit Card,,2.0
ORD1234,2025-09-08,East,Sports,Cricket Bat,6.0,4981.27,29887.62,Debit Card,43.0,2.0
ORD1235,2025-11-24,South,Electronics,USB-C Cable,1.0,1969.68,1969.68,DEBIT CARD,56.0,5.0
ORD1236,2025-03-20,West,Electronics,Power Bank,5.0,2450.82,12254.1,Credit Card,,
ORD1237,2025-02-24,West,Electronics,Power Bank,2.0,1521.13,3042.26,Cash on Delivery,34.0,2.0
ORD1238,2025-02-15,West,Home & Kitchen,Blender,1.0,211.83,211.83,UPI,27.0,5.0
ORD1239,2025-03-31,West,Home & Kitchen,Table Lamp,,392.89,3143.12,UPI,,3.0
ORD1240,2025-11-15,South,Clothing,Running Shoes,6.0,4488.46,26930.76,Debit Card,39.0,
ORD1241,2025-01-31,West,Sports,Cricket Bat,2.0,792.68,1585.36,Credit Card,,1.0
ORD1242,2025-07-30,north,Clothing,Hoodie,8.0,697.75,5582.0,Cash on Delivery,,1.0
ORD1243,2025-05-08,South,Home & Kitchen,Water Bottle,,2249.31,4498.62,Cash on Delivery,,3.0
ORD1244,2025-02-08,South,Books,Comic Book,8.0,4366.67,34933.36,Cash on Delivery,35.0,3.0
ORD1245,,West,Books,Comic Book,2.0,4304.46,8608.92,Debit Card,65.0,1.0
ORD1246,2025-08-22,East,Books,Biography,4.0,3324.79,13299.16,Debit Card,,3.0
ORD1247,2025-07-01,west,Electronics,Wireless Mouse,4.0,160.66,642.64,Debit Card,62.0,5.0
ORD1248,2025-07-21,North,Home & Kitchen,Water Bottle,4.0,1059.59,4238.36,Credit Card,,4.0
ORD1249,2025-01-03,West,Sports,Skipping Rope,3.0,4824.7,14474.1,Net Banking,,
ORD1250,2025-12-03,South,Books,Cookbook,3.0,652.24,1956.72,Net Banking,,5.0
ORD1251,2025-11-05,East,Home & Kitchen,Storage Box,3.0,820.17,2460.51,Net Banking,,3.0
ORD1252,2025-12-22,East,Home & Kitchen,Blender,3.0,2593.88,7781.64,Debit Card,,
ORD1253,2025-03-16,East,Sports,Yoga Mat,2.0,272.57,545.14,UPI,35.0,
ORD1254,2025-02-22,South,Books,Novel,6.0,4098.03,24588.18,Net Banking,,
ORD1255,2025-01-28,West,Sports,Dumbbells,6.0,4834.29,29005.74,UPI,,
ORD1256,2025-12-16,South,Clothing,Running Shoes,8.0,1010.52,8084.16,UPI,65.0,2.0
ORD1257,2025-03-21,East,Electronics,USB-C Cable,8.0,3591.99,28735.92,UPI,56.0,2.0
ORD1258,2025-09-24,east,Electronics,USB-C Cable,4.0,4791.39,19165.56,UPI,,5.0
ORD1259,2025-11-29,South,Books,Biography,8.0,4983.66,39869.28,UPI,46.0,1.0
ORD1260,2025-05-25,East,Sports,Yoga Mat,7.0,1394.46,9761.22,UPI,,5.0
ORD1261,2025-04-18,North,Clothing,Formal Shirt,1.0,3190.63,3190.63,Credit Card,24.0,
ORD1262,2025-01-20,North,Clothing,Cotton T-Shirt,8.0,3626.81,29014.48,UPI,34.0,1.0
ORD1263,2025-10-01,West,Home & Kitchen,Non-stick Pan,7.0,3415.5,23908.5,UPI,22.0,
ORD1264,2025-08-13,East,Books,Novel,5.0,3861.58,19307.9,Cash on Delivery,,4.0
ORD1265,2025-01-06,East,Clothing,Running Shoes,6.0,4793.35,28760.1,Net Banking,20.0,5.0
ORD1266,2025-04-24,East,Clothing,Hoodie,3.0,930.63,2791.89,Net Banking,29.0,3.0
ORD1267,2025-10-25,East,Electronics,USB-C Cable,2.0,1107.48,2214.96,Cash on Delivery,60.0,3.0
ORD1268,2025-08-08,East,Books,Cookbook,6.0,4067.34,24404.04,Credit Card,,1.0
ORD1269,2025-03-31,West,Home & Kitchen,Table Lamp,,2825.61,22604.88,Net Banking,26.0,1.0
ORD1270,2025-04-19,North,Books,Biography,7.0,3880.62,27164.34,UPI,,5.0
ORD1271,2025-09-15,East,Clothing,Hoodie,2.0,2074.41,4148.82,UPI,57.0,
ORD1272,2025-09-07,South,Sports,Football,1.0,1211.27,1211.27,Credit Card,32.0,1.0
ORD1273,2025-09-24,North,Electronics,USB-C Cable,2.0,3563.12,7126.24,Debit Card,52.0,
ORD1274,2025-06-26,East,Sports,Cricket Bat,7.0,1861.56,13030.92,Cash on Delivery,18.0,4.0
ORD1275,2025-08-01,South,Home & Kitchen,Water Bottle,2.0,3356.38,6712.76,Debit Card,,
ORD1276,2025-09-20,South,Books,Biography,3.0,803.41,2410.23,UPI,,5.0
ORD1277,2025-08-30,East,Electronics,Bluetooth Speaker,8.0,3091.65,24733.2,Cash on Delivery,44.0,2.0
ORD1278,2025-07-17,East,Sports,Skipping Rope,2.0,1264.6,2529.2,Credit Card,,1.0
ORD1279,2025-09-30,South,Sports,Skipping Rope,1.0,4407.1,4407.1,NET BANKING,60.0,1.0
ORD1280,2025-12-24,West,Books,Comic Book,6.0,4392.9,26357.4,Net Banking,,4.0
ORD1281,2025-02-12,West,Clothing,Running Shoes,8.0,3864.42,30915.36,Debit Card,,5.0
ORD1282,2025-02-24,North,Sports,Cricket Bat,6.0,2132.9,12797.4,Credit Card,,4.0
ORD1283,2025-10-14,South,Sports,Skipping Rope,8.0,1016.79,8134.32,Net Banking,,4.0
ORD1284,2025-07-25,South,Sports,Cricket Bat,2.0,1190.12,2380.24,DEBIT CARD,61.0,5.0
ORD1285,2025-02-10,West,Electronics,Wireless Mouse,5.0,1225.59,6127.95,Net Banking,,1.0
ORD1286,2025-11-03,West,Electronics,Bluetooth Speaker,5.0,1094.52,5472.6,Net Banking,57.0,5.0
ORD1287,2025-04-13,East,Sports,Football,7.0,2116.44,14815.08,Net Banking,22.0,1.0
ORD1288,2025-07-26,East,Clothing,Formal Shirt,4.0,2355.58,9422.32,Net Banking,44.0,1.0
ORD1289,2025-07-13,East,Books,Biography,5.0,3516.83,17584.15,Net Banking,,4.0
ORD1290,2025-06-30,West,Clothing,Denim Jeans,6.0,2150.27,12901.62,Net Banking,,5.0
ORD1291,2025-04-22,North,Books,Cookbook,8.0,1672.28,13378.24,Net Banking,65.0,3.0
ORD1292,2025-02-24,South,Clothing,Formal Shirt,6.0,906.58,5439.48,UPI,,1.0
ORD1293,2025-09-19,east,Sports,Skipping Rope,5.0,2530.41,12652.05,Debit Card,54.0,4.0
ORD1294,2025-08-24,West,Clothing,Hoodie,2.0,3536.49,7072.98,Debit Card,,
ORD1295,2025-11-10,South,Books,Self-Help Book,4.0,1456.63,5826.52,Debit Card,45.0,3.0
ORD1296,,South,Books,Cookbook,2.0,3645.95,7291.9,Net Banking,30.0,4.0
ORD1297,2025-06-03,south,Books,Biography,6.0,3958.86,23753.16,Debit Card,,5.0
ORD1298,2025-10-14,North,Sports,Football,5.0,1900.67,9503.35,Net Banking,44.0,3.0
ORD1299,2025-09-07,South,Home & Kitchen,Table Lamp,6.0,3414.99,20489.94,Cash on Delivery,,1.0
ORD1300,2025-06-10,West,Electronics,Wireless Mouse,3.0,1816.58,5449.74,Debit Card,,
ORD1301,2025-03-06,West,Sports,Cricket Bat,3.0,4292.93,12878.79,Credit Card,65.0,
ORD1302,2025-11-13,North,Electronics,Laptop Stand,2.0,654.05,1308.1,Credit Card,,1.0
ORD1303,2025-06-16,South,Electronics,Wireless Mouse,6.0,4322.79,25936.74,Cash on Delivery,,4.0
ORD1304,,West,Books,Comic Book,5.0,4558.28,22791.4,Net Banking,,2.0
ORD1305,2025-12-19,South,Home & Kitchen,Table Lamp,8.0,2745.23,21961.84,Cash on Delivery,,4.0
ORD1306,2025-11-27,West,Sports,Cricket Bat,3.0,3617.45,10852.35,Cash on Delivery,,4.0
ORD1307,2025-02-05,East,Home & Kitchen,Water Bottle,,2152.58,10762.9,Credit Card,,2.0
ORD1308,2025-05-25,North,Books,Novel,3.0,4865.81,14597.43,Debit Card,64.0,2.0
ORD1309,2025-03-16,West,Home & Kitchen,Storage Box,,1751.71,1751.71,UPI,,3.0
ORD1310,2025-01-18,South,Sports,Dumbbells,4.0,3727.45,14909.8,Credit Card,24.0,4.0
ORD1311,,North,Books,Biography,2.0,1378.57,2757.14,Debit Card,21.0,2.0
ORD1312,2025-10-25,North,Sports,Cricket Bat,1.0,4848.85,4848.85,Cash on Delivery,41.0,
ORD1313,2025-02-24,North,Electronics,USB-C Cable,3.0,3551.44,10654.32,Credit Card,,4.0
ORD1314,2025-10-14,South,Home & Kitchen,Non-stick Pan,8.0,3577.14,28617.12,Debit Card,30.0,5.0
ORD1315,2025-05-15,South,Electronics,Power Bank,3.0,2329.51,6988.53,Net Banking,,3.0
ORD1316,2025-12-16,East,Electronics,Power Bank,7.0,1070.87,7496.09,Cash on Delivery,,5.0
ORD1317,2025-04-09,South,Clothing,Cotton T-Shirt,4.0,669.22,2676.88,UPI,,1.0
ORD1318,2025-02-10,North,Electronics,Bluetooth Speaker,8.0,4652.76,37222.08,Cash on Delivery,,
ORD1319,2025-02-19,North,Home & Kitchen,Non-stick Pan,4.0,4808.85,19235.4,UPI,42.0,
ORD1320,2025-12-26,West,Electronics,Power Bank,6.0,3421.29,20527.74,Cash on Delivery,,1.0
ORD1321,2025-11-21,East,Books,Self-Help Book,6.0,2149.86,12899.16,Cash on Delivery,33.0,
ORD1322,2025-09-23,West,Electronics,Wireless Mouse,5.0,3039.45,15197.25,Credit Card,,3.0
ORD1323,2025-08-24,East,Books,Biography,3.0,607.29,1821.87,Debit Card,41.0,2.0
ORD1324,2025-12-20,North,Home & Kitchen,Storage Box,3.0,2518.14,7554.42,Net Banking,37.0,1.0
ORD1325,2025-04-27,east,Sports,Dumbbells,2.0,4368.46,8736.92,Net Banking,,1.0
ORD1326,2025-11-01,South,Clothing,Cotton T-Shirt,7.0,4859.55,34016.85,Net Banking,,5.0
ORD1327,2025-12-24,West,Home & Kitchen,Non-stick Pan,7.0,2583.84,18086.88,Credit Card,,2.0
ORD1328,,South,Electronics,USB-C Cable,7.0,1718.55,12029.85,UPI,,1.0
ORD1329,2025-04-30,East,Books,Comic Book,3.0,2286.25,6858.75,Credit Card,64.0,
ORD1330,2025-08-30,East,Electronics,USB-C Cable,2.0,1629.82,3259.64,UPI,52.0,3.0
ORD1331,2025-01-31,south,Electronics,Laptop Stand,1.0,1388.96,1388.96,DEBIT CARD,,2.0
ORD1332,2025-11-29,East,Electronics,Wireless Mouse,5.0,4356.94,21784.7,Cash on Delivery,50.0,2.0
ORD1333,2025-09-29,west,Books,Novel,1.0,1349.85,1349.85,Debit Card,65.0,3.0
ORD1334,2025-01-16,East,Electronics,USB-C Cable,7.0,4468.45,31279.15,Net Banking,,3.0
ORD1335,2025-06-09,South,Sports,Cricket Bat,3.0,2218.36,6655.08,Net Banking,26.0,3.0
ORD1336,2025-10-13,South,Sports,Cricket Bat,3.0,1689.86,5069.58,Net Banking,38.0,
ORD1337,2025-04-05,West,Home & Kitchen,Blender,4.0,667.84,2671.36,UPI,56.0,5.0
ORD1338,,South, Books ,Biography,8.0,3603.29,28826.32,Credit Card,26.0,4.0
ORD1339,2025-08-13,West,Clothing,Denim Jeans,4.0,470.76,1883.04,Net Banking,47.0,4.0
ORD1340,2025-08-20,West, Books ,Biography,1.0,2675.15,2675.15,Cash on Delivery,,1.0
ORD1341,2025-05-27,South,Home & Kitchen,Storage Box,7.0,4439.33,31075.31,Cash on Delivery,57.0,2.0
ORD1342,2025-06-15,North,Clothing,Formal Shirt,3.0,2056.37,6169.11,Cash on Delivery,55.0,1.0
ORD1343,2025-11-21,South,Electronics,Wireless Mouse,2.0,3575.2,7150.4,Debit Card,42.0,1.0
ORD1344,2025-01-27,South,Clothing,Denim Jeans,3.0,3880.41,11641.23,Cash on Delivery,,3.0
ORD1345,2025-10-06,East,Electronics,Laptop Stand,8.0,4298.74,34389.92,UPI,33.0,5.0
ORD1346,2025-03-17,South,Books,Self-Help Book,4.0,387.26,1549.04,UPI,27.0,
ORD1347,2025-12-21,West,Clothing,Denim Jeans,5.0,3113.79,15568.95,NET BANKING,,5.0
ORD1348,2025-03-10,West,Electronics,Laptop Stand,2.0,1570.24,3140.48,UPI,,
ORD1349,2025-06-12,North,Sports,Skipping Rope,5.0,2221.21,11106.05,Debit Card,,5.0
ORD1350,2025-01-01,South,Books,Cookbook,5.0,4899.4,24497.0,UPI,25.0,1.0
ORD1351,2025-02-04,South,Electronics,Bluetooth Speaker,5.0,1383.92,6919.6,Debit Card,38.0,3.0
ORD1352,2025-09-03,South,Clothing,Running Shoes,6.0,4623.06,27738.36,Cash on Delivery,48.0,1.0
ORD1353,2025-12-14,West,Electronics,Power Bank,5.0,2889.97,14449.85,Debit Card,,5.0
ORD1354,2025-07-19,North,Home & Kitchen,Storage Box,3.0,2919.26,8757.78,Credit Card,,5.0
ORD1355,2025-07-11,East,Clothing,Formal Shirt,5.0,998.81,4994.05,UPI,46.0,2.0
ORD1356,2025-09-22,East,Home & Kitchen,Blender,2.0,4137.37,8274.74,CREDIT CARD,,2.0
ORD1357,2025-12-04,North,Home & Kitchen,Storage Box,1.0,650.05,650.05,Debit Card,37.0,1.0
ORD1358,2025-01-08,North,Home & Kitchen,Blender,3.0,1477.14,4431.42,Net Banking,,5.0
ORD1359,2025-01-26,South,Electronics,USB-C Cable,6.0,2771.8,16630.8,Credit Card,61.0,1.0
ORD1360,2025-04-12,west,Books,Self-Help Book,5.0,1761.81,8809.05,Net Banking,47.0,1.0
ORD1361,2025-11-12,West,Sports,Cricket Bat,4.0,847.05,3388.2,Debit Card,,3.0
ORD1362,2025-06-28,East,Sports,Dumbbells,3.0,1518.95,4556.85,Net Banking,,5.0
ORD1363,2025-05-05,West,Sports,Skipping Rope,7.0,1307.09,9149.63,Net Banking,42.0,2.0
ORD1364,2025-02-09,East,Books,Cookbook,3.0,3363.67,10091.01,Net Banking,,4.0
ORD1365,2025-12-05,North,Books,Comic Book,6.0,2547.33,15283.98,UPI,26.0,1.0
ORD1366,2025-12-14,West,Clothing,Denim Jeans,6.0,1603.72,9622.32,Debit Card,40.0,4.0
ORD1367,2025-10-14,North,Home & Kitchen,Water Bottle,1.0,154.09,154.09,Debit Card,19.0,1.0
ORD1368,2025-04-07,West,Books,Cookbook,3.0,2453.13,7359.39,Net Banking,,4.0
ORD1369,2025-03-11,North,Clothing,Hoodie,7.0,4878.63,34150.41,UPI,,2.0
ORD1370,2025-04-06,West,Books,Comic Book,7.0,1873.24,13112.68,Cash on Delivery,,5.0
ORD1371,2025-02-27,East,Electronics,Wireless Mouse,8.0,3568.68,28549.44,Net Banking,23.0,4.0
ORD1372,,North,Books,Biography,2.0,1339.37,2678.74,UPI,,
ORD1373,2025-05-31,West,Books,Self-Help Book,7.0,1861.64,13031.48,Debit Card,,2.0
ORD1374,2025-05-30,West,Books,Cookbook,1.0,3333.15,3333.15,Net Banking,23.0,1.0
ORD1375,2025-03-19,East,Electronics,Wireless Mouse,3.0,4564.14,13692.42,Cash on Delivery,34.0,3.0
ORD1376,2025-07-31,South,Books,Cookbook,8.0,3800.89,30407.12,Cash on Delivery,64.0,2.0
ORD1377,2025-06-04,North,Electronics,Bluetooth Speaker,8.0,2083.91,16671.28,Cash on Delivery,52.0,
ORD1378,2025-09-29,North,Home & Kitchen,Storage Box,7.0,3440.69,24084.83,UPI,,1.0
ORD1379,,East,Electronics,USB-C Cable,,2386.38,16704.66,Credit Card,,
ORD1380,2025-12-17,North, Electronics ,Laptop Stand,2.0,2697.53,5395.06,Cash on Delivery,,3.0
ORD1381,2025-11-06,South,Books,Novel,2.0,568.97,1137.94,Credit Card,59.0,4.0
ORD1382,2025-02-07,West,Home & Kitchen,Storage Box,6.0,1398.08,8388.48,Debit Card,39.0,1.0
ORD1383,2025-02-25,South,Books,Comic Book,3.0,3280.59,9841.77,Credit Card,31.0,5.0
ORD1384,2025-11-24,East,Sports,Yoga Mat,8.0,871.94,6975.52,UPI,35.0,1.0
ORD1385,2025-02-05,West,Sports,Dumbbells,7.0,4243.64,29705.48,Net Banking,,2.0
ORD1386,2025-11-28,East,Home & Kitchen,Table Lamp,7.0,417.69,2923.83,UPI,39.0,3.0
ORD1387,2025-11-19,West,Clothing,Running Shoes,7.0,4497.83,31484.81,Debit Card,,4.0
ORD1388,2025-08-19,West,Sports,Yoga Mat,5.0,2573.47,12867.35,UPI,39.0,1.0
ORD1389,2025-03-14,South,Books,Cookbook,,328.86,657.72,Cash on Delivery,,
ORD1390,2025-10-30,north,Home & Kitchen,Non-stick Pan,8.0,3114.45,24915.6,UPI,56.0,1.0
ORD1391,2025-04-20,West,Home & Kitchen,Non-stick Pan,3.0,1709.71,5129.13,UPI,22.0,5.0
ORD1392,2025-11-20,south, Books ,Novel,3.0,634.84,1904.52,Net Banking,,4.0
ORD1393,2025-11-24,East, Sports ,Dumbbells,3.0,1149.88,3449.64,Debit Card,33.0,5.0
ORD1394,2025-04-09,East,Home & Kitchen,Storage Box,1.0,2854.9,2854.9,UPI,,5.0
ORD1395,2025-03-18,south,Home & Kitchen,Non-stick Pan,4.0,696.49,2785.96,Cash on Delivery,60.0,4.0
ORD1396,2025-04-01,West,Electronics,Wireless Mouse,1.0,4635.58,4635.58,Credit Card,25.0,1.0
ORD1397,2025-05-02,East,Clothing,Cotton T-Shirt,6.0,1254.74,7528.44,Cash on Delivery,32.0,2.0
ORD1398,2025-04-10,West,Clothing,Hoodie,6.0,811.56,4869.36,Debit Card,26.0,3.0
ORD1399,2025-11-23,south,Home & Kitchen,Blender,5.0,3077.63,15388.15,Net Banking,53.0,2.0
ORD1400,2025-05-07,West,Home & Kitchen,Non-stick Pan,7.0,3720.47,26043.29,Credit Card,32.0,3.0
ORD1401,2025-12-23,North,Sports,Skipping Rope,7.0,2474.46,17321.22,UPI,23.0,4.0
ORD1402,2025-08-24,North,Electronics,Laptop Stand,5.0,934.74,4673.7,Net Banking,,
ORD1403,2025-06-20,West,Electronics,Wireless Mouse,7.0,4483.16,31382.12,Net Banking,35.0,1.0
ORD1404,2025-11-13,East,Electronics,Wireless Mouse,7.0,1923.12,13461.84,UPI,59.0,3.0
ORD1405,2025-05-17,West,Books,Cookbook,4.0,1704.25,6817.0,Net Banking,21.0,
ORD1406,2025-12-21,east,Sports,Skipping Rope,6.0,4029.53,24177.18,UPI,47.0,2.0
ORD1407,2025-04-15,East,Electronics,Bluetooth Speaker,8.0,879.92,7039.36,Net Banking,,
ORD1408,2025-04-29,North,Home & Kitchen,Blender,2.0,256.88,513.76,Net Banking,,
ORD1409,2025-06-06,West, Sports ,Football,3.0,4506.67,13520.01,Credit Card,,3.0
ORD1410,2025-12-29,South,Books,Self-Help Book,3.0,4870.05,14610.15,Credit Card,,2.0
ORD1411,2025-03-25,East,Home & Kitchen,Blender,6.0,2324.88,13949.28,Net Banking,,3.0
ORD1412,2025-10-21,East,Home & Kitchen,Storage Box,5.0,4852.59,24262.95,Credit Card,,5.0
ORD1413,2025-02-17,East,Electronics,Laptop Stand,4.0,2312.97,9251.88,Debit Card,30.0,1.0
ORD1414,2025-11-05,North,Books,Comic Book,,2528.76,10115.04,Net Banking,,5.0
ORD1415,2025-02-14,East,Home & Kitchen,Table Lamp,8.0,4390.36,35122.88,Credit Card,,
ORD1416,2025-06-05,west,Clothing,Formal Shirt,2.0,846.65,1693.3,Cash on Delivery,,5.0
ORD1417,,South,Clothing,Denim Jeans,7.0,1553.9,10877.3,UPI,,3.0
ORD1418,2025-12-19,West,Electronics,USB-C Cable,7.0,1019.96,7139.72,Credit Card,,1.0
ORD1419,2025-10-22,East,Sports,Yoga Mat,6.0,2635.75,15814.5,UPI,21.0,3.0
ORD1420,2025-11-24,West,Home & Kitchen,Non-stick Pan,5.0,1564.57,7822.85,UPI,58.0,5.0
ORD1421,2025-06-30,East,Home & Kitchen,Table Lamp,2.0,2741.94,5483.88,Credit Card,,1.0
ORD1422,2025-02-09,South,Clothing,Formal Shirt,2.0,2174.13,4348.26,UPI,,2.0
ORD1423,2025-03-02,East,Clothing,Running Shoes,1.0,3760.63,3760.63,Credit Card,27.0,2.0
ORD1424,2025-01-22,North,Electronics,Wireless Mouse,8.0,3823.07,30584.56,Credit Card,,1.0
ORD1425,2025-04-16,east,Electronics,Wireless Mouse,2.0,4612.48,9224.96,Net Banking,40.0,2.0
ORD1426,2025-02-04,South,Books,Biography,,2598.81,10395.24,UPI,51.0,5.0
ORD1427,2025-10-29,North,Clothing,Formal Shirt,8.0,1927.35,15418.8,Credit Card,24.0,4.0
ORD1428,2025-09-11,east,Electronics,Laptop Stand,2.0,2670.68,5341.36,Debit Card,64.0,
ORD1429,2025-08-08,West,Clothing,Formal Shirt,7.0,1559.36,10915.52,Credit Card,,1.0
ORD1430,2025-10-30,North,Electronics,Bluetooth Speaker,7.0,2093.03,14651.21,UPI,28.0,
ORD1431,2025-10-25,South,Sports,Dumbbells,5.0,3859.36,19296.8,Net Banking,,3.0
ORD1432,,South,Sports,Yoga Mat,2.0,1365.85,2731.7,Credit Card,19.0,
ORD1433,2025-12-05,East,Clothing,Running Shoes,2.0,3836.83,7673.66,Net Banking,,4.0
ORD1434,2025-06-11,North,Electronics,Laptop Stand,2.0,2010.6,4021.2,Cash on Delivery,20.0,4.0
ORD1435,2025-10-19,South,Home & Kitchen,Storage Box,8.0,3855.45,30843.6,Cash on Delivery,,
ORD1436,2025-01-15,West,Books,Self-Help Book,5.0,1704.34,8521.7,Net Banking,,1.0
ORD1437,2025-12-05,West,Home & Kitchen,Table Lamp,,1853.66,12975.62,Credit Card,37.0,2.0
ORD1438,2025-08-04,East,Electronics,Laptop Stand,7.0,2905.04,20335.28,Debit Card,55.0,1.0
ORD1439,2025-12-08,North,Clothing,Running Shoes,8.0,2588.43,20707.44,Debit Card,,2.0
ORD1440,2025-10-21,South,Home & Kitchen,Table Lamp,1.0,1592.0,1592.0,Cash on Delivery,23.0,2.0
ORD1441,2025-10-04,East,Electronics,USB-C Cable,5.0,2249.62,11248.1,Debit Card,,2.0
ORD1442,2025-08-28,South,Books,Comic Book,4.0,3354.91,13419.64,Debit Card,,
ORD1443,2025-02-02,South,Clothing,Running Shoes,7.0,2139.76,14978.32,Credit Card,36.0,4.0
ORD1444,2025-08-12,South, Home & Kitchen ,Storage Box,8.0,2865.15,22921.2,Cash on Delivery,30.0,
ORD1445,2025-02-12,North,Sports,Yoga Mat,1.0,4318.98,4318.98,Debit Card,,5.0
ORD1446,2025-10-25,South,Clothing,Cotton T-Shirt,2.0,2681.49,5362.98,Net Banking,23.0,3.0
ORD1447,2025-04-20,South,Sports,Cricket Bat,3.0,668.05,2004.15,Debit Card,55.0,4.0
ORD1448,2025-07-08,South,Home & Kitchen,Blender,6.0,2454.83,14728.98,Debit Card,56.0,1.0
ORD1449,2025-12-25,South,Home & Kitchen,Water Bottle,7.0,1649.95,11549.65,Debit Card,,
ORD1450,2025-03-24,North,Clothing,Running Shoes,4.0,4318.17,17272.68,Cash on Delivery,,
ORD1451,2025-12-24,West, Home & Kitchen ,Storage Box,2.0,4148.34,8296.68,Debit Card,,5.0
ORD1452,2025-06-10,South,Electronics,Laptop Stand,4.0,3197.24,12788.96,Net Banking,33.0,1.0
ORD1453,2025-04-12,South,Home & Kitchen,Blender,6.0,4027.71,24166.26,UPI,,4.0
ORD1454,2025-03-28,South,Electronics,Laptop Stand,,1419.65,5678.6,UPI,,4.0
ORD1455,2025-04-15,West,Sports,Dumbbells,2.0,1238.75,2477.5,Credit Card,,3.0
ORD1456,,South,Sports,Cricket Bat,7.0,3993.45,27954.15,Debit Card,46.0,3.0
ORD1457,2025-11-02,East,Sports,Cricket Bat,7.0,3586.0,25102.0,Debit Card,21.0,1.0
ORD1458,2025-07-22,North,Electronics,USB-C Cable,7.0,1617.16,11320.12,Debit Card,53.0,2.0
ORD1459,2025-03-01,South,Electronics,USB-C Cable,7.0,837.71,5863.97,Debit Card,,1.0
ORD1460,2025-06-11,east,Books,Self-Help Book,7.0,4479.46,31356.22,Cash on Delivery,,2.0
ORD1461,2025-07-02,West,Sports,Yoga Mat,8.0,347.84,2782.72,Net Banking,25.0,4.0
ORD1462,,East,Books,Biography,4.0,2980.2,11920.8,Net Banking,22.0,5.0
ORD1463,,North,Sports,Football,2.0,4209.34,8418.68,UPI,,1.0
ORD1464,2025-01-25,West,Home & Kitchen,Water Bottle,3.0,1175.13,3525.39,Debit Card,65.0,3.0
ORD1465,2025-07-26,West,Electronics,Wireless Mouse,4.0,940.26,3761.04,Debit Card,59.0,
ORD1466,2025-09-08,south,Home & Kitchen,Non-stick Pan,6.0,2636.37,15818.22,Cash on Delivery,,4.0
ORD1467,2025-12-13,North,Electronics,Power Bank,6.0,4870.37,29222.22,Credit Card,,
ORD1468,2025-06-03,West,Home & Kitchen,Blender,3.0,3468.92,10406.76,Credit Card,54.0,5.0
ORD1469,2025-02-11,West,Books,Self-Help Book,6.0,1386.07,8316.42,Net Banking,,1.0
ORD1470,2025-08-19,East,Home & Kitchen,Water Bottle,8.0,3823.17,30585.36,Net Banking,29.0,3.0
ORD1471,2025-12-02,North,Electronics,Laptop Stand,2.0,214.53,429.06,Cash on Delivery,,4.0
ORD1472,2025-04-08,West,Home & Kitchen,Non-stick Pan,3.0,805.3,2415.9,UPI,30.0,1.0
ORD1473,2025-08-05,South,Electronics,USB-C Cable,8.0,868.6,6948.8,UPI,,1.0
ORD1474,2025-08-10,west,Electronics,USB-C Cable,1.0,647.92,647.92,Cash on Delivery,,4.0
ORD1475,2025-06-11,West,Clothing,Cotton T-Shirt,1.0,2196.72,2196.72,Net Banking,,1.0
ORD1476,2025-08-29,West,Electronics,Bluetooth Speaker,5.0,3672.11,18360.55,Debit Card,,4.0
ORD1477,2025-03-24,West,Sports,Football,8.0,4028.81,32230.48,Net Banking,65.0,2.0
ORD1478,2025-01-25,West,Sports,Football,4.0,1165.75,4663.0,UPI,40.0,3.0
ORD1479,2025-09-07,North,Books,Cookbook,2.0,2875.61,5751.22,Debit Card,,3.0
ORD1480,2025-11-09,North,Sports,Dumbbells,2.0,4877.1,9754.2,Net Banking,20.0,1.0
ORD1481,2025-07-06,West,Books,Comic Book,2.0,898.33,1796.66,DEBIT CARD,,2.0
ORD1482,2025-08-01,East,Books,Cookbook,2.0,1440.18,2880.36,Debit Card,,
ORD1483,2025-09-22,East,Electronics,Laptop Stand,3.0,3885.24,11655.72,UPI,43.0,1.0
ORD1484,2025-12-15,north,Books,Self-Help Book,7.0,2099.71,14697.97,Net Banking,,3.0
ORD1485,2025-11-29,West,Clothing,Formal Shirt,8.0,3532.73,28261.84,Cash on Delivery,23.0,2.0
ORD1486,2025-11-22,East,Clothing,Cotton T-Shirt,5.0,2678.48,13392.4,Credit Card,,1.0
ORD1487,2025-07-01,North,Electronics,USB-C Cable,5.0,3190.9,15954.5,UPI,,1.0
ORD1488,2025-10-21,South,Home & Kitchen,Table Lamp,5.0,3384.57,16922.85,Credit Card,65.0,
ORD1489,2025-08-06,South,Sports,Dumbbells,2.0,597.41,1194.82,Credit Card,,4.0
ORD1490,2025-08-02,West,Sports,Dumbbells,8.0,3698.83,29590.64,Credit Card,,2.0
ORD1491,2025-03-02,west,Electronics,Bluetooth Speaker,6.0,4620.23,27721.38,Net Banking,,4.0
ORD1492,2025-08-04,West,Electronics,Bluetooth Speaker,3.0,3951.39,11854.17,UPI,31.0,3.0
ORD1493,2025-06-22,West,Sports,Skipping Rope,5.0,2893.96,14469.8,Cash on Delivery,56.0,4.0
ORD1494,2025-07-22,East,Electronics,Power Bank,7.0,2028.09,14196.63,Debit Card,,5.0
ORD1495,2025-02-13,North,Books,Self-Help Book,2.0,3272.98,6545.96,CREDIT CARD,21.0,5.0
ORD1496,,North, Home & Kitchen ,Blender,4.0,4174.0,16696.0,Cash on Delivery,,1.0
ORD1497,2025-02-16,West,Electronics,Power Bank,6.0,2002.75,12016.5,UPI,36.0,1.0
ORD1498,2025-01-30,North,Books,Self-Help Book,3.0,281.78,845.34,Debit Card,,4.0
ORD1499,2025-09-16,South,Books,Biography,4.0,2540.95,10163.8,CASH ON DELIVERY,,1.0
ORD1500,2025-10-12,North,Home & Kitchen,Water Bottle,2.0,1344.63,2689.26,Credit Card,46.0,3.0
ORD1501,2025-10-12,South,Clothing,Formal Shirt,,4812.56,33687.92,Cash on Delivery,,1.0
ORD1502,2025-07-14,west,Home & Kitchen,Water Bottle,5.0,4221.52,21107.6,Debit Card,,
ORD1503,2025-04-18,North,Clothing,Formal Shirt,5.0,4409.65,22048.25,Net Banking,,5.0
ORD1504,2025-06-18,east, Home & Kitchen ,Blender,8.0,4801.11,38408.88,UPI,,
ORD1505,2025-11-29,West,Sports,Skipping Rope,2.0,3968.43,7936.86,UPI,,5.0
ORD1506,2025-07-09,East,Sports,Cricket Bat,1.0,755.1,755.1,Credit Card,,4.0
ORD1507,2025-01-19,east,Clothing,Denim Jeans,8.0,4841.39,38731.12,Debit Card,63.0,4.0
ORD1508,2025-10-17,West,Clothing,Formal Shirt,4.0,3350.22,13400.88,Net Banking,55.0,5.0
ORD1509,2025-08-21,East,Clothing,Cotton T-Shirt,5.0,3451.3,17256.5,UPI,59.0,4.0
ORD1510,2025-04-25,West,Sports,Football,1.0,4436.44,4436.44,UPI,,3.0
ORD1511,2025-06-18,South,Sports,Yoga Mat,4.0,1104.85,4419.4,Debit Card,24.0,1.0
ORD1512,2025-06-24,East,Clothing,Cotton T-Shirt,8.0,1306.04,10448.32,UPI,33.0,3.0
ORD1513,2025-12-22,North,Electronics,Wireless Mouse,7.0,1669.41,11685.87,UPI,46.0,2.0
ORD1514,2025-07-30,East,Sports,Dumbbells,2.0,3143.91,6287.82,Credit Card,57.0,5.0
ORD1515,2025-02-25,North,Sports,Skipping Rope,6.0,3000.89,18005.34,UPI,22.0,1.0
ORD1516,2025-01-31,West,Clothing,Denim Jeans,3.0,4015.57,12046.71,Credit Card,,3.0
ORD1517,2025-12-03,East,Home & Kitchen,Table Lamp,1.0,2660.75,2660.75,Credit Card,53.0,1.0
ORD1518,2025-06-19,East,Clothing,Hoodie,8.0,3058.85,24470.8,Net Banking,,5.0
ORD1519,2025-04-20,South,Electronics,Bluetooth Speaker,4.0,2412.7,9650.8,Credit Card,,4.0
ORD1520,2025-04-10,north,Books,Novel,3.0,1559.29,4677.87,Net Banking,,3.0
ORD1521,2025-04-01,East,Books,Cookbook,3.0,1100.54,3301.62,Debit Card,,1.0
ORD1522,2025-12-05,East,Sports,Cricket Bat,6.0,4076.02,24456.12,Credit Card,,5.0
ORD1523,2025-08-08,South,Books,Comic Book,6.0,1692.07,10152.42,Credit Card,55.0,1.0
ORD1524,2025-02-11,East,Clothing,Formal Shirt,8.0,1164.8,9318.4,Cash on Delivery,,
ORD1525,2025-09-11,East,Home & Kitchen,Water Bottle,8.0,3620.9,28967.2,Cash on Delivery,58.0,3.0
ORD1526,2025-07-11,West,Sports,Skipping Rope,3.0,4687.17,14061.51,Debit Card,,5.0
ORD1527,2025-09-12,West,Sports,Dumbbells,7.0,2133.42,14933.94,Debit Card,,3.0
ORD1528,2025-07-04,North,Home & Kitchen,Blender,2.0,725.15,1450.3,UPI,,5.0
ORD1529,2025-05-25,South,Books,Self-Help Book,1.0,3884.87,3884.87,Debit Card,55.0,4.0
ORD1530,2025-10-10,South,Clothing,Hoodie,4.0,2651.75,10607.0,Cash on Delivery,39.0,
ORD1531,2025-03-07,West,Books,Novel,6.0,823.91,4943.46,Debit Card,,
ORD1532,2025-10-18,West,Books,Self-Help Book,6.0,2996.73,17980.38,UPI,,2.0
ORD1533,2025-06-05,north,Home & Kitchen,Water Bottle,8.0,3249.17,25993.36,UPI,53.0,2.0
ORD1534,2025-09-26,West,Home & Kitchen,Blender,4.0,1561.86,6247.44,UPI,51.0,4.0
ORD1535,2025-04-16,West,Sports,Yoga Mat,7.0,4782.22,33475.54,Credit Card,,2.0
ORD1536,2025-08-17,West,Home & Kitchen,Blender,1.0,4956.76,4956.76,UPI,,4.0
ORD1537,2025-03-31,East,Sports,Football,5.0,2046.79,10233.95,Cash on Delivery,,2.0
ORD1538,2025-10-03,North,Clothing,Denim Jeans,5.0,4430.4,22152.0,Debit Card,62.0,
ORD1539,2025-05-10,north,Books,Self-Help Book,7.0,2337.04,16359.28,Credit Card,,5.0
ORD1540,2025-02-28,West,Clothing,Hoodie,1.0,202.08,202.08,Credit Card,,3.0
ORD1541,2025-11-07,West,Home & Kitchen,Blender,3.0,4216.7,12650.1,UPI,,2.0
ORD1542,,South,Clothing,Cotton T-Shirt,4.0,2293.98,9175.92,Net Banking,60.0,
ORD1543,2025-01-09,South,Clothing,Running Shoes,4.0,1119.93,4479.72,Cash on Delivery,39.0,1.0
ORD1544,2025-06-17,South,Clothing,Cotton T-Shirt,7.0,2635.63,18449.41,Debit Card,57.0,5.0
ORD1545,2025-01-07,East,Clothing,Cotton T-Shirt,7.0,3321.86,23253.02,Cash on Delivery,,2.0
ORD1546,2025-02-18,West,Electronics,Power Bank,3.0,1371.91,4115.73,Net Banking,,3.0
ORD1547,,East,Sports,Yoga Mat,6.0,235.6,1413.6,CASH ON DELIVERY,65.0,4.0
ORD1548,2025-11-14,North,Home & Kitchen,Blender,7.0,3822.64,26758.48,UPI,,1.0
ORD1549,2025-01-21,West,Home & Kitchen,Blender,5.0,1690.06,8450.3,Net Banking,36.0,4.0
ORD1550,2025-04-04,South,Clothing,Formal Shirt,7.0,2679.14,18753.98,Cash on Delivery,,
ORD1551,2025-04-15,South,Clothing,Cotton T-Shirt,3.0,3024.26,9072.78,Credit Card,,5.0
ORD1552,2025-09-04,East,Books,Comic Book,4.0,1468.52,5874.08,UPI,,3.0
ORD1553,2025-06-03,West,Electronics,Laptop Stand,7.0,4292.1,30044.7,Net Banking,64.0,5.0
ORD1554,2025-04-08,North,Home & Kitchen,Blender,8.0,1099.22,8793.76,UPI,,1.0
ORD1555,2025-01-20,West,Home & Kitchen,Water Bottle,2.0,2132.62,4265.24,UPI,28.0,4.0
ORD1556,2025-05-07,West,Home & Kitchen,Non-stick Pan,7.0,4643.62,32505.34,Credit Card,,4.0
ORD1557,2025-11-05,East,Books,Comic Book,3.0,1383.3,4149.9,Net Banking,18.0,
ORD1558,2025-08-07,North,Books,Cookbook,7.0,954.24,6679.68,Debit Card,,
ORD1559,2025-04-18,north,Books,Self-Help Book,3.0,1454.75,4364.25,Cash on Delivery,,
ORD1560,2025-03-10,West,Clothing,Denim Jeans,6.0,1054.04,6324.24,Credit Card,,4.0
ORD1561,2025-11-16,South,Home & Kitchen,Storage Box,8.0,3190.16,25521.28,UPI,36.0,
ORD1562,2025-01-04,North,Electronics,Wireless Mouse,5.0,3796.22,18981.1,Net Banking,51.0,1.0
ORD1563,2025-06-25,East,Books,Comic Book,6.0,1948.31,11689.86,Debit Card,,2.0
ORD1564,2025-09-29,West,Sports,Cricket Bat,1.0,3069.26,3069.26,Debit Card,,
ORD1565,2025-06-16,North,Home & Kitchen,Non-stick Pan,6.0,4386.16,26316.96,Cash on Delivery,43.0,2.0
ORD1566,2025-09-24,North,Sports,Football,4.0,3602.92,14411.68,Net Banking,,
ORD1567,2025-05-04,South,Sports,Yoga Mat,8.0,3363.81,26910.48,CREDIT CARD,60.0,2.0
ORD1568,2025-12-10,west,Home & Kitchen,Blender,5.0,3379.77,16898.85,UPI,,
ORD1569,2025-10-15,north,Home & Kitchen,Storage Box,7.0,3321.51,23250.57,Cash on Delivery,,2.0
ORD1570,2025-07-14,north,Books,Self-Help Book,3.0,4288.65,12865.95,Net Banking,,
ORD1571,2025-01-05,East,Clothing,Formal Shirt,4.0,666.94,2667.76,Net Banking,36.0,4.0
ORD1572,2025-12-19,North,Books,Self-Help Book,5.0,2586.53,12932.65,UPI,,3.0
ORD1573,2025-01-27,East,Clothing,Denim Jeans,4.0,3546.98,14187.92,Credit Card,37.0,4.0
ORD1574,2025-04-10,West,Sports,Yoga Mat,5.0,1519.47,7597.35,Net Banking,38.0,4.0
ORD1575,2025-04-11,West,Home & Kitchen,Blender,4.0,1207.96,4831.84,UPI,54.0,3.0
ORD1576,2025-04-02,South,Electronics,Wireless Mouse,6.0,4874.67,29248.02,UPI,,1.0
ORD1577,2025-03-30,South,Sports,Dumbbells,5.0,3486.72,17433.6,Cash on Delivery,60.0,
ORD1578,2025-09-08,East,Electronics,Wireless Mouse,2.0,550.79,1101.58,Net Banking,,2.0
ORD1579,2025-03-06,South,Sports,Dumbbells,7.0,1597.06,11179.42,UPI,52.0,3.0
ORD1580,2025-04-17,west,Electronics,Power Bank,2.0,3804.51,7609.02,UPI,62.0,2.0
ORD1581,2025-01-18,South,Electronics,Power Bank,5.0,4279.53,21397.65,UPI,41.0,1.0
ORD1582,2025-12-22,East,Books,Comic Book,3.0,2948.8,8846.4,DEBIT CARD,40.0,5.0
ORD1583,2025-05-23,South,Clothing,Formal Shirt,4.0,3020.15,12080.6,Credit Card,,
ORD1584,2025-05-18,West,Clothing,Formal Shirt,4.0,492.21,1968.84,Credit Card,60.0,
ORD1585,2025-12-17,South,Electronics,USB-C Cable,2.0,2727.63,5455.26,Net Banking,58.0,4.0
ORD1586,2025-02-23,north,Electronics,Laptop Stand,4.0,1986.37,7945.48,UPI,,2.0
ORD1587,2025-07-19,North,Electronics,Bluetooth Speaker,6.0,4740.57,28443.42,CREDIT CARD,,3.0
ORD1588,2025-11-24,South,Clothing,Hoodie,5.0,406.39,2031.95,Debit Card,,
ORD1589,2025-02-14,east,Sports,Skipping Rope,4.0,1630.16,6520.64,Debit Card,23.0,4.0
ORD1590,2025-08-06,East,Books,Comic Book,1.0,4816.51,4816.51,Net Banking,49.0,
ORD1591,2025-03-28,East,Clothing,Formal Shirt,1.0,3095.76,3095.76,Net Banking,41.0,2.0
ORD1592,2025-09-05,North,Home & Kitchen,Blender,2.0,1556.81,3113.62,Debit Card,,3.0
ORD1593,2025-01-04,north,Sports,Skipping Rope,8.0,428.86,3430.88,Net Banking,40.0,4.0
ORD1594,2025-09-07,West,Clothing,Cotton T-Shirt,3.0,2141.99,6425.97,UPI,34.0,2.0
ORD1595,2025-07-01,East,Electronics,Laptop Stand,8.0,934.9,7479.2,Cash on Delivery,63.0,1.0
ORD1596,2025-05-17,North,Clothing,Denim Jeans,8.0,4804.54,38436.32,UPI,49.0,4.0
ORD1597,2025-03-06,west,Clothing,Cotton T-Shirt,,3994.66,7989.32,Credit Card,61.0,3.0
ORD1598,2025-08-08,West,Home & Kitchen,Table Lamp,8.0,550.68,4405.44,Credit Card,50.0,5.0
ORD1599,2025-09-15,West,Clothing,Hoodie,2.0,3550.55,7101.1,NET BANKING,55.0,2.0
ORD1600,2025-01-27,West,Electronics,Power Bank,4.0,591.04,2364.16,Cash on Delivery,62.0,4.0
ORD1601,2025-12-31,north,Home & Kitchen,Table Lamp,5.0,4723.54,23617.7,Cash on Delivery,21.0,2.0
ORD1602,2025-07-06,North,Sports,Cricket Bat,5.0,4749.39,23746.95,Debit Card,60.0,3.0
ORD1603,2025-02-14,east,Clothing,Running Shoes,4.0,2983.99,11935.96,UPI,56.0,2.0
ORD1604,2025-08-31,West,Electronics,Wireless Mouse,6.0,1612.16,9672.96,Credit Card,20.0,5.0
ORD1605,2025-02-04,East,Home & Kitchen,Storage Box,2.0,4567.62,9135.24,Cash on Delivery,50.0,4.0
ORD1606,2025-09-20,North,Clothing,Hoodie,,3470.77,27766.16,UPI,,2.0
ORD1607,2025-09-26,South,Books,Novel,8.0,2593.52,20748.16,DEBIT CARD,,3.0
ORD1608,2025-01-27,South,Home & Kitchen,Blender,5.0,4385.91,21929.55,Credit Card,,2.0
ORD1609,2025-01-30,East, Clothing ,Hoodie,5.0,1724.48,8622.4,UPI,35.0,3.0
ORD1610,2025-04-23,North,Sports,Football,4.0,4111.71,16446.84,Debit Card,,3.0
ORD1611,2025-04-01,North, Sports ,Cricket Bat,8.0,1047.39,8379.12,Credit Card,64.0,5.0
ORD1612,2025-08-21,South,Electronics,Bluetooth Speaker,2.0,2218.02,4436.04,CASH ON DELIVERY,26.0,1.0
ORD1613,2025-11-18,North,Clothing,Denim Jeans,2.0,1448.13,2896.26,Net Banking,18.0,1.0
ORD1614,2025-05-05,west, Clothing ,Running Shoes,6.0,2472.71,14836.26,UPI,58.0,5.0
ORD1615,2025-08-07,West,Clothing,Cotton T-Shirt,4.0,266.4,1065.6,Cash on Delivery,36.0,2.0
ORD1616,2025-05-25,West,Clothing,Cotton T-Shirt,4.0,643.42,2573.68,Debit Card,,1.0
ORD1617,2025-12-08,East,Books,Cookbook,7.0,878.57,6149.99,Debit Card,40.0,5.0
ORD1618,2025-07-19,North,Electronics,Bluetooth Speaker,3.0,1703.24,5109.72,Cash on Delivery,48.0,
ORD1619,2025-08-06,South,Clothing,Hoodie,6.0,1698.68,10192.08,Cash on Delivery,,
ORD1620,2025-10-25,West,Books,Biography,,2015.44,8061.76,CASH ON DELIVERY,62.0,5.0
ORD1621,2025-07-04,West,Clothing,Cotton T-Shirt,1.0,4570.11,4570.11,Credit Card,,3.0
ORD1622,2025-12-26,south,Sports,Yoga Mat,7.0,1952.67,13668.69,UPI,48.0,
ORD1623,2025-09-28,West,Clothing,Denim Jeans,8.0,3756.26,30050.08,Debit Card,,4.0
ORD1624,2025-08-05,North,Books,Cookbook,3.0,202.71,608.13,Cash on Delivery,,5.0
ORD1625,2025-04-05,South,Clothing,Hoodie,1.0,1211.7,1211.7,Net Banking,,5.0
ORD1626,2025-02-09,East,Sports,Cricket Bat,,675.74,3378.7,Debit Card,39.0,5.0
ORD1627,2025-01-17,East,Clothing,Formal Shirt,4.0,3246.19,12984.76,CREDIT CARD,54.0,3.0
ORD1628,2025-06-11,North,Home & Kitchen,Table Lamp,7.0,2576.05,18032.35,Cash on Delivery,26.0,
ORD1629,2025-01-20,North,Books,Comic Book,8.0,2993.84,23950.72,Debit Card,47.0,2.0
ORD1630,2025-03-09,South,Clothing,Formal Shirt,6.0,2320.28,13921.68,Debit Card,45.0,3.0
ORD1631,2025-01-08,north,Clothing,Formal Shirt,8.0,622.42,4979.36,Credit Card,,3.0
ORD1632,2025-08-24,East,Home & Kitchen,Non-stick Pan,2.0,1019.05,2038.1,Debit Card,46.0,4.0
ORD1633,2025-11-16,West,Books,Cookbook,8.0,1928.65,15429.2,Debit Card,,3.0
ORD1634,2025-05-29,South,Books,Novel,3.0,4287.34,12862.02,Cash on Delivery,22.0,2.0
ORD1635,2025-07-23,West,Electronics,Wireless Mouse,3.0,3699.12,11097.36,Cash on Delivery,,2.0
ORD1636,2025-03-16,west,Electronics,Power Bank,3.0,4750.39,14251.17,Credit Card,,3.0
ORD1637,2025-04-01,South,Electronics,Laptop Stand,5.0,1372.55,6862.75,UPI,43.0,2.0
ORD1638,2025-08-08,East,Clothing,Cotton T-Shirt,2.0,4490.54,8981.08,Debit Card,,3.0
ORD1639,2025-12-08,west,Electronics,Power Bank,4.0,527.37,2109.48,Net Banking,,5.0
ORD1640,2025-03-06,West,Home & Kitchen,Water Bottle,1.0,4942.96,4942.96,Cash on Delivery,24.0,
ORD1641,2025-12-14,West,Clothing,Running Shoes,4.0,4769.03,19076.12,Net Banking,41.0,1.0
ORD1642,2025-10-05,West,Sports,Dumbbells,6.0,1858.22,11149.32,Cash on Delivery,39.0,5.0
ORD1643,2025-12-26,West,Sports,Football,7.0,3225.42,22577.94,Net Banking,24.0,1.0
ORD1644,2025-08-04,North,Sports,Skipping Rope,1.0,3388.39,3388.39,Credit Card,,2.0
ORD1645,2025-04-25,West,Sports,Dumbbells,,4707.14,4707.14,Net Banking,,3.0
ORD1646,2025-07-11,West,Electronics,Wireless Mouse,1.0,893.87,893.87,Net Banking,39.0,
ORD1647,2025-11-22,West,Electronics,Power Bank,7.0,775.02,5425.14,Cash on Delivery,38.0,
ORD1648,2025-04-15,west,Home & Kitchen,Water Bottle,3.0,4751.2,14253.6,UPI,,1.0
ORD1649,2025-03-08,North,Books,Comic Book,1.0,3750.35,3750.35,Cash on Delivery,40.0,
ORD1650,2025-03-15,West,Home & Kitchen,Non-stick Pan,5.0,552.37,2761.85,UPI,24.0,
ORD1651,2025-04-17,north,Electronics,Laptop Stand,6.0,4576.69,27460.14,Cash on Delivery,,1.0
ORD1652,2025-04-02,East,Sports,Cricket Bat,3.0,1598.96,4796.88,Net Banking,20.0,
ORD1653,2025-01-16,South,Books,Self-Help Book,2.0,1085.3,2170.6,Net Banking,27.0,1.0
ORD1654,2025-02-17,South,Home & Kitchen,Table Lamp,8.0,1116.3,8930.4,Debit Card,,
ORD1655,2025-10-28,South,Clothing,Running Shoes,7.0,649.04,4543.28,Debit Card,,2.0
ORD1656,2025-06-30,North,Books,Comic Book,7.0,1118.65,7830.55,Debit Card,46.0,
ORD1657,2025-06-15,East,Sports,Yoga Mat,2.0,1022.54,2045.08,Cash on Delivery,22.0,2.0
ORD1658,2025-06-14,North,Home & Kitchen,Blender,8.0,2902.23,23217.84,Credit Card,36.0,5.0
ORD1659,2025-06-13,North, Books ,Comic Book,7.0,1691.25,11838.75,Credit Card,,2.0
ORD1660,2025-05-26,East,Books,Comic Book,4.0,2945.61,11782.44,UPI,54.0,
ORD1661,2025-08-01,north,Home & Kitchen,Non-stick Pan,2.0,2428.98,4857.96,Debit Card,,3.0
ORD1662,2025-02-22,west,Sports,Yoga Mat,6.0,4697.86,28187.16,UPI,,2.0
ORD1663,2025-10-03,South,Electronics,Bluetooth Speaker,6.0,4108.32,24649.92,UPI,34.0,
ORD1664,2025-03-03,West,Home & Kitchen,Blender,3.0,2979.75,8939.25,Credit Card,,3.0
ORD1665,2025-05-16,West,Home & Kitchen,Table Lamp,8.0,1245.28,9962.24,Debit Card,53.0,
ORD1666,2025-07-17,North,Clothing,Cotton T-Shirt,4.0,2420.53,9682.12,Credit Card,,4.0
ORD1667,2025-11-14,South,Clothing,Running Shoes,7.0,4879.06,34153.42,Net Banking,30.0,2.0
ORD1668,2025-08-24,South,Sports,Yoga Mat,2.0,1316.73,2633.46,Credit Card,,3.0
ORD1669,2025-09-18,west,Clothing,Denim Jeans,7.0,2585.62,18099.34,Debit Card,41.0,1.0
ORD1670,2025-02-25,South,Books,Self-Help Book,8.0,2665.3,21322.4,UPI,25.0,
ORD1671,2025-02-21,East,Clothing,Formal Shirt,7.0,2050.75,14355.25,Credit Card,,
ORD1672,2025-12-25,East,Electronics,Wireless Mouse,3.0,2590.71,7772.13,Net Banking,62.0,4.0
ORD1673,2025-05-16,North,Sports,Dumbbells,6.0,251.01,1506.06,UPI,,2.0
ORD1674,2025-03-27,North,Books,Self-Help Book,4.0,2697.56,10790.24,Credit Card,,1.0
ORD1675,,East,Sports,Yoga Mat,6.0,1610.5,9663.0,Net Banking,,
ORD1676,2025-10-23,South,Clothing,Running Shoes,8.0,299.89,2399.12,Cash on Delivery,23.0,3.0
ORD1677,2025-06-28,West,Books,Cookbook,5.0,4565.09,22825.45,Debit Card,,4.0
ORD1678,2025-01-05,West,Books,Self-Help Book,5.0,684.42,3422.1,Cash on Delivery,61.0,
ORD1679,2025-05-25,North,Home & Kitchen,Non-stick Pan,8.0,348.62,2788.96,NET BANKING,37.0,1.0
ORD1680,2025-05-19,East, Books ,Biography,3.0,4775.37,14326.11,Credit Card,55.0,
ORD1681,2025-06-04,West,Sports,Dumbbells,2.0,4481.21,8962.42,Net Banking,,3.0
ORD1682,2025-11-18,South,Home & Kitchen,Table Lamp,2.0,1592.07,3184.14,Cash on Delivery,45.0,5.0
ORD1683,2025-07-30,west,Home & Kitchen,Storage Box,8.0,2189.45,17515.6,Cash on Delivery,,1.0
ORD1684,2025-07-21,East,Clothing,Formal Shirt,5.0,409.65,2048.25,Credit Card,,4.0
ORD1685,2025-02-01,North,Home & Kitchen,Water Bottle,8.0,3499.38,27995.04,UPI,50.0,
ORD1686,,South,Home & Kitchen,Table Lamp,1.0,4057.24,4057.24,Credit Card,27.0,1.0
ORD1687,2025-04-05,West,Electronics,Wireless Mouse,5.0,2112.1,10560.5,Credit Card,,5.0
ORD1688,2025-05-29,South,Clothing,Formal Shirt,4.0,2459.37,9837.48,Debit Card,,
ORD1689,2025-10-16,west,Clothing,Cotton T-Shirt,5.0,2366.85,11834.25,Cash on Delivery,,1.0
ORD1690,2025-09-15,East,Electronics,Bluetooth Speaker,6.0,2578.1,15468.6,Credit Card,,3.0
ORD1691,2025-02-04,West,Clothing,Running Shoes,5.0,4628.86,23144.3,Cash on Delivery,56.0,4.0
ORD1692,2025-07-26,East,Books,Biography,6.0,2984.79,17908.74,UPI,,1.0
ORD1693,2025-03-31,East,Clothing,Denim Jeans,2.0,4514.0,9028.0,Cash on Delivery,,4.0
ORD1694,2025-07-13,North,Clothing,Running Shoes,2.0,3538.82,7077.64,Credit Card,30.0,
ORD1695,2025-12-09,South, Electronics ,Power Bank,1.0,3201.21,3201.21,UPI,,2.0
ORD1696,2025-04-17,East,Clothing,Formal Shirt,8.0,1072.16,8577.28,Net Banking,40.0,4.0
ORD1697,2025-04-29,South,Books,Self-Help Book,2.0,721.95,1443.9,UPI,19.0,5.0
ORD1698,2025-11-09,South,Home & Kitchen,Non-stick Pan,4.0,4288.0,17152.0,Net Banking,21.0,3.0
ORD1699,2025-01-31,West,Home & Kitchen,Blender,6.0,4456.94,26741.64,Credit Card,,2.0
ORD1700,2025-11-10,North,Home & Kitchen,Non-stick Pan,7.0,3051.02,21357.14,UPI,,5.0
ORD1701,2025-01-14,West,Home & Kitchen,Blender,1.0,4666.55,4666.55,Credit Card,42.0,5.0
ORD1702,2025-11-12,West,Books,Cookbook,2.0,2274.07,4548.14,DEBIT CARD,45.0,3.0
ORD1703,2025-03-06,North,Electronics,Bluetooth Speaker,1.0,521.57,521.57,Cash on Delivery,,2.0
ORD1704,2025-04-16,North,Electronics,Wireless Mouse,5.0,4701.1,23505.5,Cash on Delivery,40.0,
ORD1705,2025-09-15,South,Books,Self-Help Book,6.0,3534.19,21205.14,UPI,,1.0
ORD1706,2025-05-01,South, Electronics ,USB-C Cable,3.0,323.96,971.88,Cash on Delivery,25.0,
ORD1707,2025-07-15,North,Electronics,USB-C Cable,7.0,2552.48,17867.36,Cash on Delivery,,4.0
ORD1708,2025-05-15,East,Electronics,Power Bank,6.0,4625.09,27750.54,Net Banking,,2.0
ORD1709,,West,Home & Kitchen,Water Bottle,8.0,2205.6,17644.8,Net Banking,,3.0
ORD1710,2025-07-22,East,Electronics,Bluetooth Speaker,5.0,1787.03,8935.15,UPI,,5.0
ORD1711,2025-08-14,East,Home & Kitchen,Blender,8.0,2394.21,19153.68,UPI,,4.0
ORD1712,2025-08-14,North,Home & Kitchen,Water Bottle,6.0,4773.47,28640.82,Credit Card,,3.0
ORD1713,2025-09-17,north,Clothing,Cotton T-Shirt,1.0,1043.64,1043.64,Cash on Delivery,53.0,5.0
ORD1714,2025-02-09,East,Books,Novel,4.0,1846.19,7384.76,Net Banking,22.0,4.0
ORD1715,2025-07-04,West,Home & Kitchen,Blender,1.0,1733.72,1733.72,DEBIT CARD,,4.0
ORD1716,2025-06-10,South,Books,Novel,2.0,3103.84,6207.68,Net Banking,,
ORD1717,2025-03-04,North,Electronics,Bluetooth Speaker,7.0,2763.99,19347.93,Net Banking,,1.0
ORD1718,2025-03-01,east,Clothing,Hoodie,6.0,3778.71,22672.26,Credit Card,,4.0
ORD1719,2025-03-06,South,Sports,Dumbbells,4.0,2911.31,11645.24,Net Banking,44.0,2.0
ORD1720,2025-08-21,South,Books,Comic Book,4.0,4514.38,18057.52,UPI,,2.0
ORD1721,2025-07-01,North,Clothing,Formal Shirt,7.0,4535.66,31749.62,Credit Card,,4.0
ORD1722,2025-11-19,North,Electronics,USB-C Cable,8.0,4566.77,36534.16,Cash on Delivery,,
ORD1723,2025-08-21,North,Clothing,Cotton T-Shirt,6.0,3418.45,20510.7,Cash on Delivery,,3.0
ORD1724,2025-04-02,West,Home & Kitchen,Table Lamp,7.0,1695.1,11865.7,Credit Card,65.0,1.0
ORD1725,2025-04-25,South,Electronics,USB-C Cable,5.0,2510.18,12550.9,Credit Card,34.0,3.0
ORD1726,2025-10-04,South, Electronics ,Power Bank,1.0,4805.31,4805.31,Net Banking,,2.0
ORD1727,2025-02-26,west,Books,Cookbook,8.0,1580.47,12643.76,UPI,,4.0
ORD1728,2025-06-21,North,Clothing,Cotton T-Shirt,6.0,910.13,5460.78,Debit Card,50.0,4.0
ORD1729,2025-11-18,East,Clothing,Formal Shirt,1.0,4753.54,4753.54,UPI,42.0,2.0
ORD1730,2025-04-20,East, Clothing ,Denim Jeans,2.0,4761.54,9523.08,UPI,53.0,4.0
ORD1731,2025-04-29,South,Home & Kitchen,Storage Box,3.0,4407.76,13223.28,Debit Card,,
ORD1732,2025-08-06,East,Sports,Dumbbells,6.0,1349.87,8099.22,UPI,38.0,2.0
ORD1733,2025-05-18,West,Books,Comic Book,4.0,290.47,1161.88,Net Banking,44.0,2.0
ORD1734,2025-04-23,West,Sports,Football,1.0,1451.34,1451.34,Debit Card,,
ORD1735,2025-01-11,East,Clothing,Formal Shirt,1.0,4758.85,4758.85,Cash on Delivery,,1.0
ORD1736,2025-04-28,South,Clothing,Formal Shirt,7.0,4319.66,30237.62,Debit Card,,2.0
ORD1737,2025-05-25,north,Books,Comic Book,8.0,355.08,2840.64,Debit Card,62.0,1.0
ORD1738,2025-12-27,East,Electronics,Wireless Mouse,2.0,2596.87,5193.74,Cash on Delivery,,1.0
ORD1739,2025-01-12,South,Books,Self-Help Book,6.0,2211.99,13271.94,Debit Card,,3.0
ORD1740,2025-12-26,West,Books,Self-Help Book,8.0,1529.45,12235.6,Net Banking,,5.0
ORD1741,2025-10-16,north,Sports,Cricket Bat,8.0,1943.63,15549.04,UPI,27.0,
ORD1742,2025-10-18,South,Sports,Skipping Rope,8.0,2688.52,21508.16,Credit Card,,1.0
ORD1743,2025-09-08,West,Electronics,USB-C Cable,4.0,3811.93,15247.72,Net Banking,59.0,4.0
ORD1744,2025-01-07,North,Electronics,Laptop Stand,2.0,1972.08,3944.16,CREDIT CARD,28.0,5.0
ORD1745,2025-06-01,West,Clothing,Formal Shirt,7.0,2087.12,14609.84,UPI,,4.0
ORD1746,2025-04-18,South,Books,Self-Help Book,5.0,2439.73,12198.65,DEBIT CARD,26.0,
ORD1747,2025-02-18,North,Electronics,USB-C Cable,4.0,1116.45,4465.8,Net Banking,,4.0
ORD1748,2025-08-07,North,Clothing,Running Shoes,5.0,4130.66,20653.3,Net Banking,,
ORD1749,2025-02-22,North,Clothing,Running Shoes,3.0,1425.25,4275.75,Credit Card,,5.0
ORD1750,2025-04-21,West,Clothing,Denim Jeans,1.0,3949.32,3949.32,UPI,,5.0
ORD1751,2025-03-02,West,Sports,Dumbbells,6.0,1617.41,9704.46,Credit Card,,5.0
ORD1752,,South,Clothing,Running Shoes,3.0,4223.4,12670.2,Cash on Delivery,34.0,4.0
ORD1753,2025-04-08,West,Home & Kitchen,Storage Box,4.0,3142.32,12569.28,Cash on Delivery,65.0,3.0
ORD1754,2025-01-18,East,Home & Kitchen,Water Bottle,1.0,3092.86,3092.86,Debit Card,,
ORD1755,2025-11-28,west,Books,Comic Book,8.0,992.79,7942.32,Net Banking,,1.0
ORD1756,,South,Electronics,Laptop Stand,2.0,421.83,843.66,UPI,,3.0
ORD1757,2025-12-07,east,Clothing,Formal Shirt,6.0,2654.25,15925.5,Cash on Delivery,60.0,4.0
ORD1758,2025-07-29,West,Electronics,USB-C Cable,4.0,3490.28,13961.12,Credit Card,,
ORD1759,2025-02-14,West,Electronics,Wireless Mouse,2.0,1035.13,2070.26,Credit Card,19.0,3.0
ORD1760,2025-07-14,South,Home & Kitchen,Blender,3.0,1655.86,4967.58,Debit Card,,2.0
ORD1761,2025-10-24,East,Sports,Football,2.0,2525.95,5051.9,Debit Card,,3.0
ORD1762,2025-08-11,South,Books,Biography,4.0,4969.71,19878.84,Debit Card,36.0,
ORD1763,2025-03-01,South,Home & Kitchen,Blender,8.0,1415.1,11320.8,Net Banking,48.0,
ORD1764,2025-09-01,East,Electronics,USB-C Cable,1.0,919.94,919.94,Debit Card,24.0,3.0
ORD1765,2025-08-31,West,Books,Biography,7.0,3695.13,25865.91,CREDIT CARD,,3.0
ORD1766,2025-07-25,North,Sports,Dumbbells,5.0,4776.81,23884.05,Net Banking,,1.0
ORD1767,2025-06-08,south,Clothing,Running Shoes,1.0,4856.08,4856.08,Credit Card,,3.0
ORD1768,2025-03-20,South,Clothing,Hoodie,2.0,3662.05,7324.1,Net Banking,,3.0
ORD1769,2025-02-19,West,Sports,Dumbbells,4.0,3850.82,15403.28,Cash on Delivery,,2.0
ORD1770,2025-10-28,West,Books,Novel,6.0,2518.3,15109.8,UPI,29.0,2.0
ORD1771,2025-04-19,North,Clothing,Denim Jeans,8.0,1061.66,8493.28,Debit Card,42.0,4.0
ORD1772,2025-02-24,West,Clothing,Denim Jeans,7.0,3459.35,24215.45,Cash on Delivery,64.0,1.0
ORD1773,2025-12-10,West,Sports,Yoga Mat,8.0,3321.01,26568.08,Cash on Delivery,,4.0
ORD1774,2025-04-02,East,Sports,Football,6.0,691.61,4149.66,Cash on Delivery,61.0,5.0
ORD1775,2025-03-04,West,Sports,Yoga Mat,8.0,1516.31,12130.48,Cash on Delivery,,4.0
ORD1776,2025-06-16,South,Home & Kitchen,Table Lamp,7.0,234.97,1644.79,Debit Card,,
ORD1777,2025-05-21,north,Clothing,Denim Jeans,8.0,2240.84,17926.72,DEBIT CARD,,4.0
ORD1778,2025-11-23,North,Sports,Skipping Rope,2.0,1788.2,3576.4,Debit Card,,4.0
ORD1779,2025-10-04,South,Books,Self-Help Book,5.0,3135.57,15677.85,Credit Card,,
ORD1780,2025-05-20,North,Books,Comic Book,3.0,3439.31,10317.93,UPI,44.0,4.0
ORD1781,2025-05-28,South,Electronics,USB-C Cable,4.0,459.05,1836.2,Net Banking,,4.0
ORD1782,2025-12-24,West,Clothing,Hoodie,8.0,1171.59,9372.72,Credit Card,43.0,
ORD1783,2025-06-11,North,Clothing,Formal Shirt,6.0,1624.56,9747.36,Cash on Delivery,27.0,
ORD1784,2025-10-03,East,Books,Comic Book,4.0,1970.13,7880.52,Credit Card,25.0,4.0
ORD1785,2025-08-03,West,Books,Comic Book,6.0,3793.71,22762.26,Net Banking,41.0,3.0
ORD1786,2025-05-27,West,Clothing,Hoodie,8.0,3820.62,30564.96,Cash on Delivery,,2.0
ORD1787,2025-07-30,North,Sports,Skipping Rope,7.0,4875.1,34125.7,Credit Card,,
ORD1788,2025-11-17,West,Electronics,USB-C Cable,4.0,957.33,3829.32,Cash on Delivery,41.0,
ORD1789,2025-12-31,South,Sports,Football,4.0,999.77,3999.08,Credit Card,22.0,3.0
ORD1790,2025-06-19,South,Sports,Skipping Rope,2.0,4047.88,8095.76,Credit Card,22.0,2.0
ORD1791,2025-10-03,West,Electronics,Laptop Stand,5.0,4434.28,22171.4,UPI,59.0,
ORD1792,2025-03-05,North,Home & Kitchen,Storage Box,8.0,2228.65,17829.2,UPI,55.0,2.0
ORD1793,2025-12-22,West,Clothing,Running Shoes,2.0,1750.62,3501.24,UPI,49.0,4.0
ORD1794,2025-03-17,East,Books,Self-Help Book,1.0,3842.42,3842.42,Net Banking,,3.0
ORD1795,2025-12-22,East, Sports ,Dumbbells,5.0,899.04,4495.2,Credit Card,,2.0
ORD1796,2025-03-29,East,Home & Kitchen,Water Bottle,7.0,2463.33,17243.31,Debit Card,,
ORD1797,2025-02-03,West,Clothing,Hoodie,7.0,219.03,1533.21,Debit Card,32.0,2.0
ORD1798,2025-07-06,West,Books,Novel,4.0,3745.68,14982.72,UPI,39.0,4.0
ORD1799,2025-04-04,north,Sports,Skipping Rope,4.0,1336.76,5347.04,Credit Card,47.0,2.0
ORD1800,2025-04-27,north,Clothing,Formal Shirt,5.0,445.2,2226.0,Credit Card,,5.0
ORD1801,2025-02-21,West,Electronics,Laptop Stand,2.0,2458.77,4917.54,Net Banking,,5.0
ORD1802,2025-05-09,South,Books,Biography,8.0,4962.35,39698.8,Cash on Delivery,58.0,5.0
ORD1803,2025-02-27,South,Home & Kitchen,Table Lamp,5.0,3185.72,15928.6,Credit Card,,4.0
ORD1804,2025-10-03,East,Electronics,Laptop Stand,6.0,3243.73,19462.38,Credit Card,32.0,2.0
ORD1805,2025-07-22,South,Books,Cookbook,6.0,908.48,5450.88,Credit Card,,2.0
ORD1806,2025-06-05,East,Clothing,Running Shoes,8.0,4681.5,37452.0,Debit Card,,2.0
ORD1807,2025-03-13,North,Sports,Yoga Mat,7.0,1865.02,13055.14,Cash on Delivery,,3.0
ORD1808,2025-04-13,east,Sports,Dumbbells,6.0,2856.63,17139.78,Credit Card,35.0,5.0
ORD1809,2025-11-07,North,Sports,Dumbbells,4.0,1508.69,6034.76,Net Banking,,4.0
ORD1810,2025-10-29,North,Home & Kitchen,Storage Box,3.0,4388.66,13165.98,Debit Card,,5.0
ORD1811,2025-12-25,East,Electronics,Bluetooth Speaker,2.0,4373.02,8746.04,Debit Card,46.0,3.0
ORD1812,2025-11-25,East,Home & Kitchen,Water Bottle,1.0,830.31,830.31,Cash on Delivery,49.0,4.0
ORD1813,2025-06-20,North,Books,Self-Help Book,8.0,1520.84,12166.72,UPI,23.0,
ORD1814,2025-03-19,South,Electronics,Laptop Stand,5.0,2408.72,12043.6,Debit Card,,1.0
ORD1815,2025-07-19,West,Books,Self-Help Book,1.0,3174.9,3174.9,UPI,45.0,1.0
ORD1816,2025-03-17,South,Books,Self-Help Book,3.0,1065.91,3197.73,Credit Card,19.0,3.0
ORD1817,2025-05-19,South,Clothing,Denim Jeans,5.0,941.95,4709.75,Credit Card,19.0,2.0
ORD1818,2025-04-12,South,Sports,Yoga Mat,8.0,2276.95,18215.6,Credit Card,25.0,4.0
ORD1819,,South,Electronics,Laptop Stand,6.0,3785.96,22715.76,Cash on Delivery,,2.0
ORD1820,2025-06-08,West,Sports,Yoga Mat,6.0,1897.9,11387.4,UPI,,4.0
ORD1821,2025-05-08,North,Home & Kitchen,Table Lamp,1.0,832.57,832.57,Credit Card,,5.0
ORD1822,,South,Home & Kitchen,Table Lamp,7.0,4142.77,28999.39,Credit Card,27.0,2.0
ORD1823,2025-01-14,West, Home & Kitchen ,Table Lamp,6.0,288.12,1728.72,Debit Card,20.0,1.0
ORD1824,2025-02-17,South,Electronics,Wireless Mouse,6.0,4501.37,27008.22,Cash on Delivery,,1.0
ORD1825,2025-05-12,North,Home & Kitchen,Storage Box,8.0,4512.81,36102.48,Credit Card,41.0,3.0
ORD1826,2025-07-26,South,Clothing,Denim Jeans,2.0,3754.45,7508.9,Debit Card,,5.0
ORD1827,,East,Clothing,Running Shoes,7.0,1967.64,13773.48,Net Banking,,
ORD1828,2025-09-04,South,Clothing,Hoodie,6.0,206.81,1240.86,Cash on Delivery,,3.0
ORD1829,2025-04-06,East,Books,Self-Help Book,6.0,4983.93,29903.58,Debit Card,,3.0
ORD1830,2025-08-23,East,Sports,Yoga Mat,3.0,608.73,1826.19,UPI,36.0,1.0
ORD1831,2025-12-15,South,Sports,Skipping Rope,4.0,837.29,3349.16,Credit Card,,1.0
ORD1832,2025-02-21,East,Books,Cookbook,3.0,1966.19,5898.57,Credit Card,57.0,
ORD1833,2025-09-25,south,Home & Kitchen,Non-stick Pan,7.0,1588.01,11116.07,Cash on Delivery,,4.0
ORD1834,2025-03-24,North,Electronics,Laptop Stand,3.0,847.39,2542.17,Credit Card,,4.0
ORD1835,2025-10-27,East, Clothing ,Hoodie,2.0,3671.0,7342.0,Credit Card,,2.0
ORD1836,2025-10-05,West,Clothing,Hoodie,5.0,4137.87,20689.35,NET BANKING,,4.0
ORD1837,2025-12-21,West,Sports,Skipping Rope,3.0,4399.78,13199.34,Cash on Delivery,24.0,3.0
ORD1838,,West,Sports,Dumbbells,1.0,3244.59,3244.59,Debit Card,,3.0
ORD1839,2025-08-11,West,Clothing,Formal Shirt,8.0,1223.73,9789.84,Debit Card,,1.0
ORD1840,2025-11-26,West,Electronics,Power Bank,2.0,3013.16,6026.32,UPI,,5.0
ORD1841,,North, Home & Kitchen ,Storage Box,8.0,2930.72,23445.76,UPI,,4.0
ORD1842,2025-05-10,North, Home & Kitchen ,Storage Box,1.0,3685.93,3685.93,Debit Card,,
ORD1843,2025-06-28,South,Clothing,Formal Shirt,6.0,3742.42,22454.52,Credit Card,,4.0
ORD1844,2025-11-24,North,Electronics,Laptop Stand,6.0,3165.73,18994.38,Credit Card,,4.0
ORD1845,2025-09-17,East,Electronics,Wireless Mouse,4.0,2971.96,11887.84,Net Banking,52.0,3.0
ORD1846,2025-07-23,West,Home & Kitchen,Blender,6.0,2734.21,16405.26,Credit Card,,4.0
ORD1847,2025-04-25,South,Books,Cookbook,5.0,277.84,1389.2,Credit Card,46.0,2.0
ORD1848,2025-09-23,West,Sports,Skipping Rope,4.0,2149.77,8599.08,Net Banking,,4.0
ORD1849,2025-12-21,South,Home & Kitchen,Water Bottle,6.0,523.65,3141.9,Credit Card,62.0,3.0
ORD1850,2025-11-06,West,Books,Self-Help Book,2.0,4065.18,8130.36,Credit Card,62.0,
ORD1851,2025-10-14,west,Electronics,Bluetooth Speaker,1.0,2865.8,2865.8,UPI,63.0,3.0
ORD1852,2025-03-10,North,Books,Comic Book,7.0,3565.46,24958.22,Cash on Delivery,,2.0
ORD1853,2025-07-03,East,Electronics,Power Bank,1.0,3603.75,3603.75,Net Banking,22.0,1.0
ORD1854,2025-06-19,South,Clothing,Cotton T-Shirt,8.0,3684.04,29472.32,UPI,,1.0
ORD1855,2025-09-13,East,Home & Kitchen,Blender,7.0,4413.46,30894.22,UPI,30.0,2.0
ORD1856,2025-01-31,east,Electronics,Power Bank,1.0,4912.75,4912.75,DEBIT CARD,51.0,1.0
ORD1857,2025-04-22,North,Clothing,Denim Jeans,8.0,1031.67,8253.36,Debit Card,,1.0
ORD1858,2025-03-03,South,Sports,Yoga Mat,1.0,4686.17,4686.17,Debit Card,61.0,3.0
ORD1859,2025-03-01,East,Sports,Skipping Rope,7.0,3952.7,27668.9,Net Banking,41.0,1.0
ORD1860,2025-06-14,West,Books,Novel,2.0,3368.04,6736.08,Net Banking,,5.0
ORD1861,2025-09-09,East,Sports,Dumbbells,7.0,1978.77,13851.39,UPI,,4.0
ORD1862,2025-06-07,North,Books,Novel,4.0,4741.88,18967.52,Net Banking,52.0,
ORD1863,2025-12-17,South, Home & Kitchen ,Water Bottle,1.0,4145.17,4145.17,Cash on Delivery,,
ORD1864,2025-10-20,South,Home & Kitchen,Non-stick Pan,4.0,2552.08,10208.32,Net Banking,,1.0
ORD1865,2025-07-25,East,Clothing,Hoodie,4.0,1953.15,7812.6,UPI,,2.0
ORD1866,2025-07-31,South, Home & Kitchen ,Storage Box,1.0,2167.05,2167.05,Cash on Delivery,,3.0
ORD1867,2025-09-08,South,Clothing,Cotton T-Shirt,2.0,709.1,1418.2,UPI,,2.0
ORD1868,2025-04-14,East, Electronics ,Wireless Mouse,7.0,4140.96,28986.72,UPI,30.0,5.0
ORD1869,2025-11-12,West,Clothing,Cotton T-Shirt,2.0,1322.5,2645.0,Debit Card,46.0,4.0
ORD1870,2025-05-09,North,Books,Novel,3.0,1805.54,5416.62,Credit Card,59.0,3.0
ORD1871,2025-02-05,South,Home & Kitchen,Storage Box,1.0,4375.99,4375.99,Credit Card,53.0,5.0
ORD1872,2025-03-15,North,Books,Cookbook,6.0,1946.3,11677.8,UPI,42.0,
ORD1873,2025-09-01,North,Books,Biography,2.0,246.0,492.0,Net Banking,,
ORD1874,2025-07-04,West,Sports,Cricket Bat,8.0,2751.81,22014.48,Credit Card,64.0,2.0
ORD1875,2025-12-30,West,Home & Kitchen,Blender,1.0,2380.67,2380.67,Net Banking,,2.0
ORD1876,2025-07-24,West,Sports,Football,6.0,1731.15,10386.9,Credit Card,33.0,
ORD1877,2025-06-07,East,Sports,Skipping Rope,7.0,1967.86,13775.02,Credit Card,,4.0
ORD1878,2025-09-22,South,Home & Kitchen,Water Bottle,3.0,3349.31,10047.93,Cash on Delivery,19.0,2.0
ORD1879,2025-06-12,South,Sports,Skipping Rope,4.0,880.81,3523.24,Cash on Delivery,,2.0
ORD1880,2025-01-28,North,Electronics,Wireless Mouse,1.0,192.04,192.04,Debit Card,40.0,1.0
ORD1881,2025-03-31,East,Books,Comic Book,8.0,1792.31,14338.48,Debit Card,53.0,3.0
ORD1882,2025-05-24,south, Books ,Biography,8.0,3544.33,28354.64,Credit Card,,1.0
ORD1883,2025-04-04,North,Books,Self-Help Book,8.0,2986.72,23893.76,Cash on Delivery,,1.0
ORD1884,2025-12-09,East,Sports,Cricket Bat,2.0,4965.55,9931.1,Credit Card,63.0,
ORD1885,2025-09-24,South,Home & Kitchen,Table Lamp,4.0,2640.1,10560.4,UPI,28.0,4.0
ORD1886,2025-03-08,East,Sports,Yoga Mat,6.0,2823.68,16942.08,Net Banking,,1.0
ORD1887,2025-06-25,West,Home & Kitchen,Table Lamp,7.0,2124.9,14874.3,Credit Card,53.0,3.0
ORD1888,2025-02-24,East,Books,Novel,1.0,4082.16,4082.16,Credit Card,22.0,1.0
ORD1889,2025-08-24,East,Books,Novel,3.0,2976.36,8929.08,Debit Card,25.0,
ORD1890,2025-02-10,North,Electronics,Laptop Stand,4.0,1169.56,4678.24,Cash on Delivery,,3.0
ORD1891,2025-04-12,North,Sports,Cricket Bat,1.0,535.86,535.86,Debit Card,54.0,2.0
ORD1892,2025-09-17,South,Clothing,Hoodie,5.0,3067.54,15337.7,Debit Card,40.0,2.0
ORD1893,2025-01-31,north,Electronics,Wireless Mouse,8.0,1819.48,14555.84,Net Banking,,4.0
ORD1894,2025-06-13,East,Books,Novel,5.0,3676.67,18383.35,Cash on Delivery,,3.0
ORD1895,2025-08-25,South,Electronics,USB-C Cable,7.0,2404.98,16834.86,Debit Card,,4.0
ORD1896,2025-08-11,east,Sports,Cricket Bat,7.0,1923.69,13465.83,Credit Card,29.0,2.0
ORD1897,2025-09-07,West,Clothing,Running Shoes,5.0,1254.54,6272.7,Net Banking,45.0,
ORD1898,2025-09-11,West,Books,Self-Help Book,3.0,1290.49,3871.47,Credit Card,37.0,4.0
ORD1899,2025-08-31,East,Home & Kitchen,Table Lamp,3.0,1942.4,5827.2,UPI,44.0,1.0
ORD1900,2025-06-19,West,Home & Kitchen,Water Bottle,6.0,2949.52,17697.12,Credit Card,58.0,2.0
ORD1901,2025-03-17,North,Home & Kitchen,Water Bottle,2.0,2013.1,4026.2,Net Banking,,3.0
ORD1902,2025-01-31,South,Home & Kitchen,Blender,6.0,4261.7,25570.2,Cash on Delivery,,2.0
ORD1903,2025-11-27,West,Home & Kitchen,Water Bottle,4.0,4147.06,16588.24,Credit Card,36.0,5.0
ORD1904,2025-06-01,West,Electronics,USB-C Cable,5.0,1140.56,5702.8,UPI,44.0,1.0
ORD1905,,South,Books,Comic Book,6.0,672.56,4035.36,Cash on Delivery,,3.0
ORD1906,2025-07-12,East,Books,Comic Book,6.0,837.5,5025.0,Net Banking,,1.0
ORD1907,2025-02-04,north,Books,Novel,3.0,2558.88,7676.64,Credit Card,28.0,2.0
ORD1908,2025-11-25,North,Sports,Dumbbells,1.0,2694.69,2694.69,Cash on Delivery,23.0,
ORD1909,,North,Electronics,Bluetooth Speaker,8.0,355.61,2844.88,Credit Card,,2.0
ORD1910,2025-10-29,West,Electronics,Laptop Stand,2.0,344.63,689.26,UPI,49.0,2.0
ORD1911,2025-11-15,West,Clothing,Denim Jeans,1.0,4588.72,4588.72,Debit Card,,3.0
ORD1912,2025-08-17,East, Sports ,Yoga Mat,5.0,2340.5,11702.5,Net Banking,43.0,
ORD1913,2025-06-05,South,Books,Self-Help Book,4.0,4450.26,17801.04,Debit Card,58.0,4.0
ORD1914,2025-07-18,South,Clothing,Running Shoes,4.0,2573.02,10292.08,Debit Card,56.0,4.0
ORD1915,2025-01-16,South,Electronics,Power Bank,2.0,4439.4,8878.8,Net Banking,35.0,1.0
ORD1916,2025-08-02,South,Clothing,Hoodie,6.0,519.08,3114.48,UPI,,3.0
ORD1917,2025-02-14,North,Electronics,Laptop Stand,3.0,219.57,658.71,Credit Card,,4.0
ORD1918,2025-08-10,North,Sports,Dumbbells,1.0,330.23,330.23,Cash on Delivery,18.0,4.0
ORD1919,2025-04-07,South,Home & Kitchen,Non-stick Pan,5.0,4821.47,24107.35,Credit Card,18.0,
ORD1920,2025-07-08,South,Electronics,USB-C Cable,6.0,578.82,3472.92,Cash on Delivery,,4.0
ORD1921,2025-03-17,west,Home & Kitchen,Storage Box,6.0,3871.47,23228.82,Cash on Delivery,,
ORD1922,2025-11-17,West,Books,Cookbook,1.0,1815.75,1815.75,Credit Card,58.0,5.0
ORD1923,2025-10-06,West,Electronics,Laptop Stand,2.0,4953.94,9907.88,UPI,,5.0
ORD1924,2025-07-11,East,Sports,Yoga Mat,6.0,3699.5,22197.0,Net Banking,43.0,4.0
ORD1925,2025-09-16,West,Clothing,Denim Jeans,1.0,4481.94,4481.94,UPI,,4.0
ORD1926,2025-04-17,South,Electronics,Wireless Mouse,1.0,1584.55,1584.55,Credit Card,,
ORD1927,2025-08-08,East,Home & Kitchen,Storage Box,6.0,1160.97,6965.82,Net Banking,58.0,5.0
ORD1928,2025-10-28,West,Sports,Skipping Rope,2.0,2200.1,4400.2,Net Banking,,3.0
ORD1929,2025-11-20,East,Books,Novel,2.0,1340.14,2680.28,UPI,39.0,4.0
ORD1930,2025-12-17,west,Clothing,Formal Shirt,7.0,610.53,4273.71,Credit Card,,5.0
ORD1931,2025-09-09,North,Home & Kitchen,Water Bottle,2.0,3536.35,7072.7,Credit Card,28.0,4.0
ORD1932,2025-12-01,South,Sports,Dumbbells,4.0,177.61,710.44,Credit Card,,4.0
ORD1933,2025-11-06,west,Electronics,Wireless Mouse,3.0,825.15,2475.45,Net Banking,,1.0
ORD1934,2025-08-05,West,Electronics,USB-C Cable,7.0,2852.82,19969.74,UPI,,1.0
ORD1935,2025-08-17,North,Clothing,Cotton T-Shirt,3.0,3373.51,10120.53,Net Banking,48.0,3.0
ORD1936,2025-07-20,South,Clothing,Running Shoes,3.0,3771.21,11313.63,UPI,18.0,3.0
ORD1937,2025-09-01,East,Clothing,Hoodie,4.0,1065.04,4260.16,Cash on Delivery,,4.0
ORD1938,2025-05-07,South,Electronics,Laptop Stand,2.0,2895.86,5791.72,CASH ON DELIVERY,,
ORD1939,2025-04-26,South,Home & Kitchen,Storage Box,8.0,3091.22,24729.76,Credit Card,,4.0
ORD1940,2025-10-15,North,Sports,Skipping Rope,1.0,2173.98,2173.98,UPI,27.0,
ORD1941,2025-08-29,East,Books,Biography,6.0,4608.73,27652.38,Net Banking,62.0,4.0
ORD1942,2025-11-01,North,Home & Kitchen,Table Lamp,5.0,4392.54,21962.7,Net Banking,38.0,2.0
ORD1943,2025-04-07,West,Home & Kitchen,Table Lamp,7.0,3397.97,23785.79,Net Banking,,2.0
ORD1944,2025-05-30,West,Books,Biography,3.0,718.47,2155.41,Credit Card,,2.0
ORD1945,2025-11-07,east,Books,Comic Book,6.0,859.75,5158.5,UPI,,3.0
ORD1946,2025-01-27,East,Books,Biography,7.0,1116.07,7812.49,Cash on Delivery,56.0,
ORD1947,,North,Electronics,Wireless Mouse,5.0,671.19,3355.95,Debit Card,,2.0
ORD1948,2025-11-13,East,Home & Kitchen,Storage Box,4.0,1267.87,5071.48,Net Banking,,5.0
ORD1949,2025-02-16,West,Clothing,Formal Shirt,1.0,4779.2,4779.2,Net Banking,,
ORD1950,2025-12-10,South,Clothing,Running Shoes,2.0,165.37,330.74,Debit Card,,4.0
ORD1951,2025-05-20,South,Sports,Skipping Rope,7.0,261.68,1831.76,Credit Card,,
ORD1952,2025-07-26,East,Clothing,Cotton T-Shirt,7.0,966.65,6766.55,Credit Card,,2.0
ORD1953,2025-01-12,North,Books,Cookbook,2.0,2343.39,4686.78,Cash on Delivery,42.0,5.0
ORD1954,2025-03-28,South,Home & Kitchen,Table Lamp,5.0,2470.87,12354.35,Credit Card,56.0,5.0
ORD1955,2025-09-26,South,Electronics,Power Bank,1.0,1364.4,1364.4,Debit Card,,4.0
ORD1956,2025-04-01,South,Electronics,Power Bank,1.0,2927.15,2927.15,Debit Card,45.0,5.0
ORD1957,2025-10-11,North, Home & Kitchen ,Blender,2.0,3928.44,7856.88,Debit Card,52.0,
ORD1958,2025-03-27,North,Books,Biography,1.0,2059.96,2059.96,UPI,26.0,4.0
ORD1959,2025-01-22,South,Electronics,Bluetooth Speaker,3.0,3254.66,9763.98,UPI,,4.0
ORD1960,2025-09-26,West,Books,Self-Help Book,7.0,3795.41,26567.87,Cash on Delivery,49.0,2.0
ORD1961,2025-06-11,West,Sports,Dumbbells,5.0,1962.07,9810.35,Cash on Delivery,,2.0
ORD1962,2025-04-27,South,Home & Kitchen,Storage Box,4.0,840.23,3360.92,Cash on Delivery,,3.0
ORD1963,2025-08-27,South,Electronics,USB-C Cable,6.0,407.63,2445.78,Cash on Delivery,,
ORD1964,2025-09-17,west,Electronics,USB-C Cable,6.0,1088.37,6530.22,Credit Card,,1.0
ORD1965,2025-05-26,East,Books,Comic Book,6.0,3165.6,18993.6,Debit Card,55.0,1.0
ORD1966,2025-08-14,North,Clothing,Hoodie,,3353.99,20123.94,Debit Card,30.0,2.0
ORD1967,2025-03-19,South,Clothing,Hoodie,4.0,2175.31,8701.24,CASH ON DELIVERY,31.0,5.0
ORD1968,2025-12-09,South,Sports,Cricket Bat,8.0,704.05,5632.4,Cash on Delivery,,3.0
ORD1969,2025-10-29,East, Home & Kitchen ,Water Bottle,3.0,3388.6,10165.8,Net Banking,56.0,
ORD1970,2025-05-12,West,Sports,Yoga Mat,5.0,4038.12,20190.6,UPI,32.0,2.0
ORD1971,2025-05-05,West,Sports,Skipping Rope,6.0,1600.56,9603.36,Credit Card,60.0,5.0
ORD1972,2025-03-02,West,Sports,Yoga Mat,6.0,4697.33,28183.98,Debit Card,,2.0
ORD1973,2025-02-12,South,Home & Kitchen,Blender,6.0,3028.21,18169.26,UPI,65.0,1.0
ORD1974,2025-03-10,South,Electronics,Wireless Mouse,8.0,1011.23,8089.84,Debit Card,,3.0
ORD1975,2025-04-09,North,Electronics,Power Bank,1.0,4133.93,4133.93,Credit Card,49.0,4.0
ORD1976,2025-12-25,south,Electronics,Laptop Stand,5.0,913.36,4566.8,Net Banking,,1.0
ORD1977,2025-07-25,East,Books,Self-Help Book,5.0,3319.42,16597.1,Cash on Delivery,,2.0
ORD1978,2025-02-07,North,Clothing,Cotton T-Shirt,8.0,761.63,6093.04,Debit Card,55.0,3.0
ORD1979,2025-07-20,East,Clothing,Hoodie,1.0,1916.42,1916.42,Credit Card,,3.0
ORD1980,2025-12-29,east,Sports,Cricket Bat,6.0,3764.61,22587.66,Cash on Delivery,54.0,
ORD1981,2025-11-06,East,Clothing,Cotton T-Shirt,3.0,1314.11,3942.33,Cash on Delivery,64.0,3.0
ORD1982,2025-09-14,East,Home & Kitchen,Non-stick Pan,2.0,2491.57,4983.14,Credit Card,,2.0
ORD1983,2025-08-22,West,Electronics,Laptop Stand,5.0,2763.14,13815.7,UPI,44.0,3.0
ORD1984,2025-06-03,South, Home & Kitchen ,Water Bottle,4.0,2328.97,9315.88,UPI,,2.0
ORD1985,2025-02-08,south,Sports,Yoga Mat,7.0,381.65,2671.55,Debit Card,,5.0
ORD1986,2025-10-10,North,Sports,Skipping Rope,4.0,2740.34,10961.36,DEBIT CARD,,1.0
ORD1987,2025-05-13,South,Sports,Yoga Mat,2.0,779.91,1559.82,Credit Card,,
ORD1988,2025-03-21,East,Home & Kitchen,Water Bottle,2.0,519.69,1039.38,UPI,,1.0
ORD1989,2025-05-23,West,Books,Novel,8.0,3389.79,27118.32,UPI,40.0,3.0
ORD1990,2025-09-25,north,Electronics,Bluetooth Speaker,3.0,1809.19,5427.57,Net Banking,,2.0
ORD1991,2025-09-05,West,Clothing,Denim Jeans,4.0,3162.21,12648.84,Net Banking,65.0,
ORD1992,2025-04-07,East,Home & Kitchen,Blender,1.0,326.44,326.44,UPI,,5.0
ORD1993,2025-08-31,North,Clothing,Cotton T-Shirt,2.0,3025.49,6050.98,Cash on Delivery,,5.0
ORD1994,2025-06-03,West,Home & Kitchen,Non-stick Pan,2.0,416.33,832.66,Credit Card,42.0,
ORD1995,2025-05-26,West,Home & Kitchen,Table Lamp,7.0,260.25,1821.75,Debit Card,26.0,2.0
ORD1996,2025-05-22,South,Books,Cookbook,2.0,1272.87,2545.74,Debit Card,,5.0
ORD1997,2025-01-27,East,Sports,Yoga Mat,6.0,1454.88,8729.28,Credit Card,55.0,1.0
ORD1998,2025-03-28,East, Clothing ,Formal Shirt,4.0,547.74,2190.96,Credit Card,62.0,
ORD1999,2025-04-07,South,Sports,Yoga Mat,5.0,2946.95,14734.75,Cash on Delivery,45.0,5.0
ORD1507,2025-01-19,east,Clothing,Denim Jeans,8.0,4841.39,38731.12,Debit Card,63.0,4.0
ORD1818,2025-04-12,South,Sports,Yoga Mat,8.0,2276.95,18215.6,Credit Card,25.0,4.0
ORD1452,2025-06-10,South,Electronics,Laptop Stand,4.0,3197.24,12788.96,Net Banking,33.0,1.0
ORD1368,2025-04-07,West,Books,Cookbook,3.0,2453.13,7359.39,Net Banking,,4.0
ORD1242,2025-07-30,north,Clothing,Hoodie,8.0,697.75,5582.0,Cash on Delivery,,1.0
ORD1929,2025-11-20,East,Books,Novel,2.0,1340.14,2680.28,UPI,39.0,4.0
ORD1262,2025-01-20,North,Clothing,Cotton T-Shirt,8.0,3626.81,29014.48,UPI,34.0,1.0
ORD1810,2025-10-29,North,Home & Kitchen,Storage Box,3.0,4388.66,13165.98,Debit Card,,5.0
ORD1318,2025-02-10,North,Electronics,Bluetooth Speaker,8.0,4652.76,37222.08,Cash on Delivery,,
ORD1049,2025-11-17,West,Electronics,Bluetooth Speaker,5.0,3970.97,19854.85,Net Banking,,
ORD1446,2025-10-25,South,Clothing,Cotton T-Shirt,2.0,2681.49,5362.98,Net Banking,23.0,3.0
ORD1142,2025-06-20,North,Electronics,Bluetooth Speaker,4.0,2475.06,9900.24,Debit Card,30.0,1.0
ORD1968,2025-12-09,South,Sports,Cricket Bat,8.0,704.05,5632.4,Cash on Delivery,,3.0
ORD1345,2025-10-06,East,Electronics,Laptop Stand,8.0,4298.74,34389.92,UPI,33.0,5.0
ORD1971,2025-05-05,West,Sports,Skipping Rope,6.0,1600.56,9603.36,Credit Card,60.0,5.0
